Name,Team,Positon,Age,Apps,HeightCM,WeightKG,Goals,Assists,Passes,Wins,Losses,Yellowcards,Redcards,Fouls,Wins_ratio,Yellowcardsd_ratio,Fouls_ratio,Passes_ratio,Ycards_ratio_dicretized,Fouls_ratio_dicretized,Goals_ratio
Bernd Leno,Arsenal,Goalkeeper,29,95,190.0,83.0,0,0,2665,41,28,2,1,2,0.43157894736842106,0.021052631578947368,0.021052631578947368,28.05263157894737,Low,Low,0.0
RÃºnar Alex RÃºnarsson,Arsenal,Goalkeeper,26,1,186.0,76.0,0,0,9,0,1,0,0,0,0.0,0.0,0.0,9.0,Low,Low,0.0
Karl Hein,Arsenal,Goalkeeper,19,0,193.0,69.38461538461539,0,0,0,0,0,0,0,0,,,,,,,
Mat Ryan,Arsenal,Goalkeeper,29,124,184.0,82.0,0,0,3596,29,55,3,0,2,0.23387096774193547,0.024193548387096774,0.016129032258064516,29.0,Low,Low,0.0
Arthur Okonkwo,Arsenal,Goalkeeper,19,0,179.58823529411762,69.38461538461539,0,0,0,0,0,0,0,0,,,,,,,
James Hillson,Arsenal,Goalkeeper,20,0,178.55,71.85714285714286,0,0,0,0,0,0,0,0,,,,,,,
HÃ©ctor BellerÃ­n,Arsenal,Defender,26,183,178.0,74.0,8,20,8141,99,47,30,0,143,0.5409836065573771,0.16393442622950818,0.7814207650273224,44.486338797814206,High,Medium,0.04371584699453552
Kieran Tierney,Arsenal,Defender,23,40,178.0,70.0,2,3,1561,17,15,6,0,21,0.425,0.15,0.525,39.025,High,Low,0.05
Rob Holding,Arsenal,Defender,25,67,189.0,75.0,0,1,3691,35,20,10,0,51,0.5223880597014925,0.14925373134328357,0.7611940298507462,55.08955223880597,High,Medium,0.0
Calum Chambers,Arsenal,Defender,26,147,182.0,66.0,6,4,6275,51,59,28,1,142,0.3469387755102041,0.19047619047619047,0.9659863945578231,42.68707482993197,High,High,0.04081632653061224
David Luiz,Arsenal,Defender,34,213,189.0,84.0,14,7,11161,120,45,41,4,227,0.5633802816901409,0.19248826291079812,1.0657276995305165,52.39906103286385,High,High,0.06572769953051644
Gabriel MagalhÃ£es,Arsenal,Defender,23,21,190.0,78.0,2,0,1413,9,9,2,1,20,0.42857142857142855,0.09523809523809523,0.9523809523809523,67.28571428571429,Medium,High,0.09523809523809523
CÃ©dric Soares,Arsenal,Defender,29,135,172.0,67.0,2,12,4869,45,52,19,0,87,0.3333333333333333,0.14074074074074075,0.6444444444444445,36.06666666666667,High,Medium,0.014814814814814815
Pablo MarÃ­,Arsenal,Defender,27,12,193.0,87.0,0,0,729,7,3,2,0,10,0.5833333333333334,0.16666666666666666,0.8333333333333334,60.75,High,Medium,0.0
Joel Lopez Salguero,Arsenal,Defender,19,0,179.58823529411762,69.38461538461539,0,0,0,0,0,0,0,0,,,,,,,
Mohamed Elneny,Arsenal,Midfielder,28,68,180.0,70.0,1,3,3401,42,16,9,1,34,0.6176470588235294,0.1323529411764706,0.5,50.01470588235294,High,Low,0.014705882352941176
Emile Smith Rowe,Arsenal,Midfielder,20,20,182.0,79.0,2,4,681,10,5,0,0,5,0.5,0.0,0.25,34.05,Low,Low,0.1
Granit Xhaka,Arsenal,Midfielder,28,159,185.0,82.0,9,15,11648,81,43,42,3,233,0.5094339622641509,0.2641509433962264,1.4654088050314464,73.25786163522012,High,High,0.05660377358490566
Bukayo Saka,Arsenal,Midfielder,19,57,178.0,65.0,6,8,1620,23,18,7,0,47,0.40350877192982454,0.12280701754385964,0.8245614035087719,28.42105263157895,Medium,Medium,0.10526315789473684
Thomas Partey,Arsenal,Midfielder,27,22,185.0,77.0,0,2,1000,9,8,5,0,15,0.4090909090909091,0.22727272727272727,0.6818181818181818,45.45454545454545,High,Medium,0.0
Martin Ãdegaard,Arsenal,Midfielder,22,12,178.0,68.0,1,0,434,5,4,0,0,1,0.4166666666666667,0.0,0.08333333333333333,36.166666666666664,Low,Low,0.08333333333333333
Ben Cottrell,Arsenal,Midfielder,19,0,179.58823529411762,69.38461538461539,0,0,0,0,0,0,0,0,,,,,,,
Miguel Azeez,Arsenal,Midfielder,18,0,184.0,74.0,0,0,0,0,0,0,0,0,,,,,,,
Dani Ceballos,Arsenal,Midfielder,24,49,179.0,70.0,0,5,2523,21,17,5,0,42,0.42857142857142855,0.10204081632653061,0.8571428571428571,51.48979591836735,Medium,Medium,0.0
Alexandre Lacazette,Arsenal,Forward,29,127,175.0,73.0,50,18,2508,57,40,14,0,160,0.44881889763779526,0.11023622047244094,1.2598425196850394,19.748031496062993,Medium,High,0.3937007874015748
Pierre-Emerick Aubameyang,Arsenal,Forward,31,112,187.0,80.0,64,15,2411,52,36,5,1,41,0.4642857142857143,0.044642857142857144,0.36607142857142855,21.526785714285715,Low,Low,0.5714285714285714
Nicolas PÃ©pÃ©,Arsenal,Forward,31,58,182.6875,78.84375,11,7,1246,23,19,5,1,24,0.39655172413793105,0.08620689655172414,0.41379310344827586,21.482758620689655,Medium,Low,0.1896551724137931
Reiss Nelson,Arsenal,Forward,21,22,175.0,71.0,1,0,303,10,6,1,0,10,0.45454545454545453,0.045454545454545456,0.45454545454545453,13.772727272727273,Low,Low,0.045454545454545456
Eddie Nketiah,Arsenal,Forward,21,38,175.0,72.0,5,1,258,15,16,0,1,28,0.39473684210526316,0.0,0.7368421052631579,6.7894736842105265,Low,Medium,0.13157894736842105
Gabriel Martinelli,Arsenal,Forward,19,26,180.0,75.0,4,1,254,9,6,1,0,18,0.34615384615384615,0.038461538461538464,0.6923076923076923,9.76923076923077,Low,Medium,0.15384615384615385
Willian,Arsenal,Forward,32,259,175.0,77.0,38,38,8898,148,56,21,1,135,0.5714285714285714,0.08108108108108109,0.5212355212355212,34.35521235521235,Medium,Low,0.14671814671814673
Folarin Balogun,Arsenal,Forward,19,0,178.0,66.0,0,0,0,0,0,0,0,0,,,,,,,
Tom Heaton,Aston Villa,Goalkeeper,35,116,188.0,85.0,0,0,3290,34,55,5,0,2,0.29310344827586204,0.04310344827586207,0.017241379310344827,28.362068965517242,Low,Low,0.0
Jed Steer,Aston Villa,Goalkeeper,28,2,183.0,80.0,0,0,32,0,2,0,0,0,0.0,0.0,0.0,16.0,Low,Low,0.0
Emiliano MartÃ­nez,Aston Villa,Goalkeeper,28,50,195.0,88.0,0,0,1425,22,20,2,0,2,0.44,0.04,0.04,28.5,Low,Low,0.0
Akos Onodi,Aston Villa,Goalkeeper,19,0,179.58823529411762,69.38461538461539,0,0,0,0,0,0,0,0,,,,,,,
Oliwer Zych,Aston Villa,Goalkeeper,16,0,179.0,75.0,0,0,0,0,0,0,0,0,,,,,,,
Neil Taylor,Aston Villa,Defender,32,146,176.0,64.0,0,5,5500,48,63,22,0,122,0.3287671232876712,0.1506849315068493,0.8356164383561644,37.67123287671233,High,Medium,0.0
Ezri Konsa Ngoyo,Aston Villa,Defender,23,58,183.0,77.0,3,2,1991,20,26,6,0,34,0.3448275862068966,0.10344827586206896,0.5862068965517241,34.327586206896555,Medium,Medium,0.05172413793103448
Matt Targett,Aston Villa,Defender,25,106,183.0,70.0,2,7,3742,37,42,14,0,62,0.3490566037735849,0.1320754716981132,0.5849056603773585,35.301886792452834,Medium,Medium,0.018867924528301886
BjÃ¶rn Engels,Aston Villa,Defender,26,17,193.0,83.0,1,0,647,3,12,1,0,5,0.17647058823529413,0.058823529411764705,0.29411764705882354,38.05882352941177,Medium,Low,0.058823529411764705
Ahmed El Mohamady,Aston Villa,Defender,33,196,183.0,75.0,6,13,7041,51,95,14,1,158,0.2602040816326531,0.07142857142857142,0.8061224489795918,35.923469387755105,Medium,Medium,0.030612244897959183
Kortney Hause,Aston Villa,Defender,25,22,191.0,77.0,2,0,940,5,11,4,0,26,0.22727272727272727,0.18181818181818182,1.1818181818181819,42.72727272727273,High,High,0.09090909090909091
Tyrone Mings,Aston Villa,Defender,28,84,196.0,77.0,4,4,3507,26,41,12,1,48,0.30952380952380953,0.14285714285714285,0.5714285714285714,41.75,High,Low,0.047619047619047616
Matthew Cash,Aston Villa,Defender,23,28,185.0,73.67647058823529,0,2,1008,13,12,6,1,35,0.4642857142857143,0.21428571428571427,1.25,36.0,High,High,0.0
Jake Walker,Aston Villa,Defender,20,0,178.55,71.85714285714286,0,0,0,0,0,0,0,0,,,,,,,
Sil Swinkels,Aston Villa,Defender,17,0,183.0,72.5,0,0,0,0,0,0,0,0,,,,,,,
Frankie Ealing,Aston Villa,Defender,16,0,179.0,75.0,0,0,0,0,0,0,0,0,,,,,,,
Douglas Luiz,Aston Villa,Midfielder,23,67,175.0,66.0,3,4,2567,21,33,16,1,107,0.31343283582089554,0.23880597014925373,1.5970149253731343,38.3134328358209,High,High,0.04477611940298507
John McGinn,Aston Villa,Midfielder,26,62,178.0,68.0,5,8,1989,19,29,12,0,75,0.3064516129032258,0.1935483870967742,1.2096774193548387,32.08064516129032,High,High,0.08064516129032258
Henri Lansbury,Aston Villa,Midfielder,30,13,183.0,78.0,0,0,115,4,8,1,0,5,0.3076923076923077,0.07692307692307693,0.38461538461538464,8.846153846153847,Medium,Low,0.0
Jack Grealish,Aston Villa,Midfielder,25,93,175.0,68.0,15,16,2946,27,50,15,0,83,0.2903225806451613,0.16129032258064516,0.8924731182795699,31.677419354838708,High,High,0.16129032258064516
Marvelous Nakamba,Aston Villa,Midfielder,27,40,178.0,71.0,0,0,1003,14,19,7,0,34,0.35,0.175,0.85,25.075,High,Medium,0.0
TrÃ©zÃ©guet,Aston Villa,Midfielder,26,55,180.0,71.0,8,2,652,17,28,2,1,74,0.3090909090909091,0.03636363636363636,1.3454545454545455,11.854545454545455,Low,High,0.14545454545454545
Anwar El Ghazi,Aston Villa,Midfielder,26,59,188.0,90.0,12,4,923,15,31,5,0,35,0.2542372881355932,0.0847457627118644,0.5932203389830508,15.64406779661017,Medium,Medium,0.2033898305084746
Ross Barkley,Aston Villa,Midfielder,27,226,189.0,76.0,28,28,8412,98,71,18,0,167,0.4336283185840708,0.07964601769911504,0.7389380530973452,37.2212389380531,Medium,Medium,0.12389380530973451
Callum Rowe,Aston Villa,Midfielder,21,0,179.64,74.0,0,0,0,0,0,0,0,0,,,,,,,
Harrison Sohna,Aston Villa,Midfielder,18,0,184.0,74.0,0,0,0,0,0,0,0,0,,,,,,,
Benjamin Chrisene,Aston Villa,Midfielder,17,0,183.0,72.5,0,0,0,0,0,0,0,0,,,,,,,
Kaine Hayden,Aston Villa,Midfielder,17,0,183.0,72.5,0,0,0,0,0,0,0,0,,,,,,,
Arjan Raikhy,Aston Villa,Midfielder,18,0,184.0,74.0,0,0,0,0,0,0,0,0,,,,,,,
Brad Young,Aston Villa,Midfielder,18,0,184.0,74.0,0,0,0,0,0,0,0,0,,,,,,,
Lamar Bogarde,Aston Villa,Midfielder,17,0,183.0,72.5,0,0,0,0,0,0,0,0,,,,,,,
Hayden Lindley,Aston Villa,Midfielder,18,0,184.0,74.0,0,0,0,0,0,0,0,0,,,,,,,
Edward Rowe,Aston Villa,Midfielder,17,0,183.0,72.5,0,0,0,0,0,0,0,0,,,,,,,
Taylor Jay-Hart,Aston Villa,Midfielder,17,0,179.0,69.0,0,0,0,0,0,0,0,0,,,,,,,
Morgan Sanson,Aston Villa,Midfielder,26,9,180.0,73.0,0,0,138,2,4,3,0,6,0.2222222222222222,0.3333333333333333,0.6666666666666666,15.333333333333334,High,Medium,0.0
Jacob Ramsey,Aston Villa,Midfielder,19,20,179.58823529411762,69.38461538461539,0,0,197,8,7,0,0,11,0.4,0.0,0.55,9.85,Low,Low,0.0
Carney Chukwuemeka,Aston Villa,Midfielder,17,0,183.0,72.5,0,0,0,0,0,0,0,0,,,,,,,
Jaden Philogene-Bidace,Aston Villa,Midfielder,19,0,179.58823529411762,69.38461538461539,0,0,0,0,0,0,0,0,,,,,,,
Kaine Hayden,Aston Villa,Midfielder,18,0,184.0,74.0,0,0,0,0,0,0,0,0,,,,,,,
Wesley,Aston Villa,Forward,24,23,191.0,93.0,5,1,371,6,13,3,0,43,0.2608695652173913,0.13043478260869565,1.8695652173913044,16.130434782608695,Medium,High,0.21739130434782608
Keinan Davis,Aston Villa,Forward,23,32,191.0,68.0,1,1,209,6,15,0,0,15,0.1875,0.0,0.46875,6.53125,Low,Low,0.03125
Ollie Watkins,Aston Villa,Forward,25,34,180.0,70.0,13,4,741,14,14,2,1,43,0.4117647058823529,0.058823529411764705,1.2647058823529411,21.794117647058822,Medium,High,0.38235294117647056
Bertrand TraorÃ©,Aston Villa,Forward,25,43,181.0,73.0,8,6,789,14,18,1,0,32,0.32558139534883723,0.023255813953488372,0.7441860465116279,18.348837209302324,Low,Medium,0.18604651162790697
Mungo Bridge,Aston Villa,Forward,20,0,178.55,71.85714285714286,0,0,0,0,0,0,0,0,,,,,,,
Michael Tait,Aston Villa,Forward,20,0,178.55,71.85714285714286,0,0,0,0,0,0,0,0,,,,,,,
Louie Barry,Aston Villa,Forward,17,0,183.0,72.5,0,0,0,0,0,0,0,0,,,,,,,
Jason Steele,Brighton and Hove Albion,Goalkeeper,30,0,188.0,79.0,0,0,0,0,0,0,0,0,,,,,,,
Christian Walton,Brighton and Hove Albion,Goalkeeper,25,0,182.0,75.0,0,0,0,0,0,0,0,0,,,,,,,
Robert SÃ¡nchez,Brighton and Hove Albion,Goalkeeper,23,25,197.0,73.67647058823529,0,0,901,6,9,1,0,2,0.24,0.04,0.08,36.04,Low,Low,0.0
Thomas McGill,Brighton and Hove Albion,Goalkeeper,21,0,179.64,74.0,0,0,0,0,0,0,0,0,,,,,,,
Ben White,Leeds United,Defender,23,34,182.0,78.0,0,0,1635,8,12,3,1,28,0.23529411764705882,0.08823529411764706,0.8235294117647058,48.088235294117645,Medium,Medium,0.0
Tariq Lamptey,Brighton and Hove Albion,Defender,20,20,178.55,71.85714285714286,1,2,552,5,8,4,1,34,0.25,0.2,1.7,27.6,High,High,0.05
Lewis Dunk,Brighton and Hove Albion,Defender,29,142,192.0,88.0,11,5,7374,35,61,26,3,99,0.24647887323943662,0.18309859154929578,0.6971830985915493,51.929577464788736,High,Medium,0.07746478873239436
Adam Webster,Brighton and Hove Albion,Defender,26,58,191.0,75.0,3,1,3533,13,21,7,0,34,0.22413793103448276,0.1206896551724138,0.5862068965517241,60.91379310344828,Medium,Medium,0.05172413793103448
Dan Burn,Brighton and Hove Albion,Defender,29,68,198.0,87.0,0,0,2755,17,27,10,0,70,0.25,0.14705882352941177,1.0294117647058822,40.51470588235294,High,High,0.0
JoÃ«l Veltman,Brighton and Hove Albion,Defender,29,28,184.0,75.0,1,1,1249,6,11,3,0,34,0.21428571428571427,0.10714285714285714,1.2142857142857142,44.607142857142854,Medium,High,0.03571428571428571
Michal Karbownik,Brighton and Hove Albion,Defender,20,0,178.55,71.85714285714286,0,0,0,0,0,0,0,0,,,,,,,
Romaric Yapi,Brighton and Hove Albion,Defender,20,0,178.55,71.85714285714286,0,0,0,0,0,0,0,0,,,,,,,
Yves Bissouma,Brighton and Hove Albion,Midfielder,24,84,182.0,80.0,2,0,2920,20,37,17,1,122,0.23809523809523808,0.20238095238095238,1.4523809523809523,34.76190476190476,High,High,0.023809523809523808
Alexis Mac Allister,Brighton and Hove Albion,Midfielder,22,28,174.0,72.0,1,1,447,7,11,1,0,21,0.25,0.03571428571428571,0.75,15.964285714285714,Low,Medium,0.03571428571428571
Pascal GroÃ,Brighton and Hove Albion,Midfielder,29,124,181.0,78.0,15,22,4247,27,54,10,0,86,0.21774193548387097,0.08064516129032258,0.6935483870967742,34.25,Medium,Medium,0.12096774193548387
Adam Lallana,Brighton and Hove Albion,Midfielder,33,224,172.0,73.0,31,29,7228,103,58,17,0,158,0.45982142857142855,0.07589285714285714,0.7053571428571429,32.267857142857146,Medium,Medium,0.13839285714285715
Solly March,Brighton and Hove Albion,Midfielder,26,111,180.0,88.0,4,8,2602,25,49,6,0,94,0.22522522522522523,0.05405405405405406,0.8468468468468469,23.44144144144144,Low,Medium,0.036036036036036036
Davy PrÃ¶pper,Brighton and Hove Albion,Midfielder,29,107,185.0,79.0,2,7,4477,27,46,8,1,106,0.2523364485981308,0.07476635514018691,0.9906542056074766,41.8411214953271,Medium,High,0.018691588785046728
Steven Alzate,Brighton and Hove Albion,Midfielder,22,32,180.0,75.0,1,0,996,7,14,3,0,36,0.21875,0.09375,1.125,31.125,Medium,High,0.03125
Lars Dendoncker,Brighton and Hove Albion,Midfielder,20,0,178.55,71.85714285714286,0,0,0,0,0,0,0,0,,,,,,,
Reda Khadra,Brighton and Hove Albion,Midfielder,19,1,179.58823529411762,69.38461538461539,0,0,1,0,1,0,0,0,0.0,0.0,0.0,1.0,Low,Low,0.0
Jensen Weir,Brighton and Hove Albion,Midfielder,19,0,179.58823529411762,69.38461538461539,0,0,0,0,0,0,0,0,,,,,,,
MoisÃ©s Caicedo,Brighton and Hove Albion,Midfielder,19,0,178.0,73.0,0,0,0,0,0,0,0,0,,,,,,,
Jakub Moder,Brighton and Hove Albion,Midfielder,22,10,188.0,78.0,0,0,181,3,4,0,0,10,0.3,0.0,1.0,18.1,Low,High,0.0
Peter Gwargis,Brighton and Hove Albion,Midfielder,20,0,178.55,71.85714285714286,0,0,0,0,0,0,0,0,,,,,,,
Teddy Jenks,Brighton and Hove Albion,Midfielder,19,0,179.58823529411762,69.38461538461539,0,0,0,0,0,0,0,0,,,,,,,
Leandro Trossard,Brighton and Hove Albion,Forward,26,64,172.0,61.0,9,8,1678,13,26,2,0,41,0.203125,0.03125,0.640625,26.21875,Low,Medium,0.140625
Neal Maupay,Brighton and Hove Albion,Forward,24,70,173.0,69.0,18,5,1318,17,28,4,1,65,0.24285714285714285,0.05714285714285714,0.9285714285714286,18.82857142857143,Low,High,0.2571428571428571
Alireza Jahanbakhsh,Brighton and Hove Albion,Forward,27,48,180.0,76.0,2,1,587,9,25,4,0,26,0.1875,0.08333333333333333,0.5416666666666666,12.229166666666666,Medium,Low,0.041666666666666664
JosÃ© Izquierdo,Brighton and Hove Albion,Forward,28,48,171.0,73.0,5,4,735,13,20,3,0,26,0.2708333333333333,0.0625,0.5416666666666666,15.3125,Medium,Low,0.10416666666666667
Aaron Connolly,Brighton and Hove Albion,Forward,21,40,179.64,74.0,5,2,231,10,18,0,0,22,0.25,0.0,0.55,5.775,Low,Low,0.125
Andi Zeqiri,Brighton and Hove Albion,Forward,21,8,181.0,72.0,0,0,34,3,2,0,0,2,0.375,0.0,0.25,4.25,Low,Low,0.0
Danny Welbeck,Brighton and Hove Albion,Forward,30,247,185.0,73.0,50,21,4182,120,72,13,0,140,0.48582995951417,0.05263157894736842,0.5668016194331984,16.931174089068826,Low,Low,0.20242914979757085
Percy Tau,Brighton and Hove Albion,Forward,27,3,175.0,75.97619047619048,0,1,27,1,1,0,0,0,0.3333333333333333,0.0,0.0,9.0,Low,Low,0.0
Florin Andone,Brighton and Hove Albion,Forward,28,26,180.0,78.0,4,0,177,5,14,5,1,30,0.19230769230769232,0.19230769230769232,1.1538461538461537,6.8076923076923075,High,High,0.15384615384615385
Nick Pope,Burnley,Goalkeeper,29,105,191.0,76.0,0,0,2945,38,38,5,0,3,0.3619047619047619,0.047619047619047616,0.02857142857142857,28.047619047619047,Low,Low,0.0
Bailey Peacock-Farrell,Burnley,Goalkeeper,24,4,193.0,73.0,0,0,106,0,4,0,0,0,0.0,0.0,0.0,26.5,Low,Low,0.0
Will Norris,Burnley,Goalkeeper,27,1,195.0,74.0,0,0,0,1,0,0,0,0,1.0,0.0,0.0,0.0,Low,Low,0.0
Matthew Lowton,Burnley,Defender,31,204,180.0,78.0,3,13,6565,59,97,40,0,162,0.28921568627450983,0.19607843137254902,0.7941176470588235,32.181372549019606,High,Medium,0.014705882352941176
Charlie Taylor,Burnley,Defender,27,100,176.0,70.0,0,3,3121,30,44,9,0,47,0.3,0.09,0.47,31.21,Medium,Low,0.0
James Tarkowski,Burnley,Defender,28,157,185.0,81.0,6,3,5003,58,65,30,0,146,0.36942675159235666,0.1910828025477707,0.9299363057324841,31.866242038216562,High,High,0.03821656050955414
Ben Mee,Burnley,Defender,31,195,180.0,74.0,6,4,7183,59,89,39,0,133,0.30256410256410254,0.2,0.6820512820512821,36.83589743589744,High,Medium,0.03076923076923077
Erik Pieters,Burnley,Defender,32,213,183.0,84.0,1,12,7343,68,87,35,0,325,0.3192488262910798,0.1643192488262911,1.5258215962441315,34.47417840375587,High,High,0.004694835680751174
Phil Bardsley,Burnley,Defender,35,303,180.0,74.0,7,5,9336,101,132,79,2,333,0.3333333333333333,0.2607260726072607,1.099009900990099,30.81188118811881,High,High,0.0231023102310231
Kevin Long,Burnley,Defender,30,42,188.0,83.0,1,3,1285,9,18,3,0,35,0.21428571428571427,0.07142857142857142,0.8333333333333334,30.595238095238095,Medium,Medium,0.023809523809523808
Richard Nartey,Burnley,Defender,22,0,184.0,84.0,0,0,0,0,0,0,0,0,,,,,,,
Jimmy Dunne,Burnley,Defender,23,2,183.0,75.0,1,0,87,0,2,0,0,1,0.0,0.0,0.5,43.5,Low,Low,0.5
Anthony Driscoll-Glennon,Burnley,Defender,21,0,181.0,74.0,0,0,0,0,0,0,0,0,,,,,,,
Jack Cork,Burnley,Midfielder,31,278,183.0,70.0,8,9,11483,100,111,34,0,230,0.3597122302158273,0.1223021582733813,0.8273381294964028,41.305755395683455,Medium,Medium,0.02877697841726619
JÃ³hann Gudmundsson,Burnley,Midfielder,30,116,186.0,78.0,9,17,2121,33,55,7,0,52,0.28448275862068967,0.0603448275862069,0.4482758620689655,18.28448275862069,Medium,Low,0.07758620689655173
Josh Brownhill,Burnley,Midfielder,25,41,180.0,69.0,0,1,1445,14,16,4,0,42,0.34146341463414637,0.0975609756097561,1.024390243902439,35.24390243902439,Medium,High,0.0
Dwight McNeil,Burnley,Midfielder,21,94,183.0,68.0,7,16,2529,32,40,8,0,55,0.3404255319148936,0.0851063829787234,0.5851063829787234,26.904255319148938,Medium,Medium,0.07446808510638298
Robbie Brady,Burnley,Midfielder,29,160,176.0,71.0,10,13,3619,45,81,18,1,136,0.28125,0.1125,0.85,22.61875,Medium,Medium,0.0625
Ashley Westwood,Burnley,Midfielder,31,257,175.0,80.0,12,28,11735,75,122,45,0,227,0.2918287937743191,0.17509727626459143,0.8832684824902723,45.66147859922179,High,High,0.04669260700389105
Dale Stephens,Burnley,Midfielder,31,106,169.0,71.0,1,5,4904,25,51,21,1,144,0.2358490566037736,0.19811320754716982,1.3584905660377358,46.264150943396224,High,High,0.009433962264150943
Anthony Mancini,Burnley,Midfielder,20,0,180.0,71.85714285714286,0,0,0,0,0,0,0,0,,,,,,,
Lewis Richardson,Burnley,Midfielder,18,2,184.0,74.0,0,0,1,0,2,0,0,0,0.0,0.0,0.0,0.5,Low,Low,0.0
Josh Benson,Burnley,Midfielder,21,6,179.64,74.0,0,0,79,2,3,0,0,4,0.3333333333333333,0.0,0.6666666666666666,13.166666666666666,Low,Medium,0.0
Chris Wood,Burnley,Forward,29,135,191.0,81.0,47,7,2128,44,58,4,0,118,0.32592592592592595,0.02962962962962963,0.8740740740740741,15.762962962962963,Low,High,0.34814814814814815
Ashley Barnes,Burnley,Forward,31,176,186.0,77.0,41,6,2777,51,80,36,2,315,0.2897727272727273,0.20454545454545456,1.7897727272727273,15.778409090909092,High,High,0.23295454545454544
Jay Rodriguez,Burnley,Forward,31,207,185.0,84.0,42,14,3091,61,84,13,0,185,0.2946859903381642,0.06280193236714976,0.893719806763285,14.932367149758454,Medium,High,0.2028985507246377
Matej Vydra,Burnley,Forward,31,82,182.6875,78.84375,9,7,580,16,44,1,0,14,0.1951219512195122,0.012195121951219513,0.17073170731707318,7.073170731707317,Low,Low,0.10975609756097561
Max Thompson,Burnley,Forward,19,1,179.58823529411762,69.38461538461539,0,0,0,0,1,0,0,0,0.0,0.0,0.0,0.0,Low,Low,0.0
Joel Mumbongo,Burnley,Forward,22,4,181.047619047619,73.45,0,0,5,0,3,1,0,1,0.0,0.25,0.25,1.25,High,Low,0.0
Kepa Arrizabalaga,Chelsea,Goalkeeper,26,75,189.0,84.0,0,0,2136,40,21,2,0,0,0.5333333333333333,0.02666666666666667,0.0,28.48,Low,Low,0.0
Willy Caballero,Chelsea,Goalkeeper,39,34,186.0,81.0,0,0,822,19,5,0,0,0,0.5588235294117647,0.0,0.0,24.176470588235293,Low,Low,0.0
Ãdouard Mendy,Chelsea,Goalkeeper,29,29,197.0,86.0,0,0,867,16,6,1,0,1,0.5517241379310345,0.034482758620689655,0.034482758620689655,29.896551724137932,Low,Low,0.0
Karlo Ziger,Chelsea,Goalkeeper,20,0,178.55,71.85714285714286,0,0,0,0,0,0,0,0,,,,,,,
Antonio RÃ¼diger,Chelsea,Defender,28,97,190.0,85.0,5,1,7122,55,22,14,0,89,0.5670103092783505,0.14432989690721648,0.9175257731958762,73.42268041237114,High,High,0.05154639175257732
Marcos Alonso,Chelsea,Defender,30,151,188.0,84.0,22,12,6824,94,33,27,1,137,0.6225165562913907,0.17880794701986755,0.9072847682119205,45.19205298013245,High,High,0.1456953642384106
Andreas Christensen,Chelsea,Defender,25,74,188.0,78.0,0,0,4267,37,19,8,1,43,0.5,0.10810810810810811,0.581081081081081,57.66216216216216,Medium,Medium,0.0
Kurt Zouma,Chelsea,Defender,26,164,190.0,96.0,9,4,7440,70,55,13,1,103,0.4268292682926829,0.07926829268292683,0.6280487804878049,45.36585365853659,Medium,Medium,0.054878048780487805
Reece James,Chelsea,Defender,21,54,182.0,82.0,1,4,2545,29,14,4,0,52,0.5370370370370371,0.07407407407407407,0.9629629629629629,47.129629629629626,Medium,High,0.018518518518518517
CÃ©sar Azpilicueta,Chelsea,Defender,31,295,178.0,76.0,9,33,17431,170,59,27,1,270,0.576271186440678,0.09152542372881356,0.9152542372881356,59.088135593220336,Medium,High,0.030508474576271188
Emerson,Chelsea,Defender,26,32,176.0,63.0,0,1,1341,13,14,3,0,18,0.40625,0.09375,0.5625,41.90625,Medium,Low,0.0
Ben Chilwell,Chelsea,Defender,24,124,178.0,77.0,6,14,5913,52,42,13,1,101,0.41935483870967744,0.10483870967741936,0.8145161290322581,47.685483870967744,Medium,Medium,0.04838709677419355
Thiago Silva,Chelsea,Defender,36,21,183.0,79.0,2,0,1790,10,7,3,1,13,0.47619047619047616,0.14285714285714285,0.6190476190476191,85.23809523809524,High,Medium,0.09523809523809523
Valentino Livramento,Chelsea,Defender,18,0,184.0,74.0,0,0,0,0,0,0,0,0,,,,,,,
Hakim Ziyech,Chelsea,Midfielder,28,22,180.0,65.0,2,3,646,10,4,3,0,19,0.45454545454545453,0.13636363636363635,0.8636363636363636,29.363636363636363,High,Medium,0.09090909090909091
Jorginho,Chelsea,Midfielder,29,94,180.0,65.0,12,3,7047,51,21,19,0,88,0.5425531914893617,0.20212765957446807,0.9361702127659575,74.96808510638297,High,High,0.1276595744680851
N'Golo KantÃ©,Chelsea,Midfielder,30,193,168.0,68.0,10,12,10393,113,39,29,0,252,0.5854922279792746,0.15025906735751296,1.305699481865285,53.84974093264249,High,High,0.05181347150259067
Mateo Kovacic,Chelsea,Midfielder,27,88,178.0,78.0,1,6,4989,47,22,14,0,52,0.5340909090909091,0.1590909090909091,0.5909090909090909,56.69318181818182,High,Medium,0.011363636363636364
Mason Mount,Chelsea,Midfielder,22,71,178.0,70.0,13,10,2858,35,20,5,0,84,0.49295774647887325,0.07042253521126761,1.1830985915492958,40.25352112676056,Medium,High,0.18309859154929578
Christian Pulisic,Chelsea,Midfielder,22,50,172.0,69.0,13,5,1256,24,15,2,0,25,0.48,0.04,0.5,25.12,Low,Low,0.26
Billy Gilmour,Chelsea,Midfielder,19,11,166.0,60.0,0,0,397,7,3,0,0,5,0.6363636363636364,0.0,0.45454545454545453,36.09090909090909,Low,Low,0.0
Kai Havertz,Chelsea,Midfielder,21,26,189.0,82.0,4,3,754,10,8,2,0,26,0.38461538461538464,0.07692307692307693,1.0,29.0,Medium,High,0.15384615384615385
Faustino Anjorin,Chelsea,Midfielder,19,1,185.0,73.0,0,0,7,1,0,0,0,0,1.0,0.0,0.0,7.0,Low,Low,0.0
Lewis Bate,Chelsea,Midfielder,18,0,184.0,74.0,0,0,0,0,0,0,0,0,,,,,,,
Timo Werner,Chelsea,Forward,25,33,180.0,76.0,6,8,750,17,7,1,0,22,0.5151515151515151,0.030303030303030304,0.6666666666666666,22.727272727272727,Low,Medium,0.18181818181818182
Tammy Abraham,Chelsea,Forward,23,89,190.0,80.0,26,5,922,36,33,2,0,56,0.4044943820224719,0.02247191011235955,0.6292134831460674,10.359550561797754,Low,Medium,0.29213483146067415
Olivier Giroud,Chelsea,Forward,34,254,192.0,93.0,90,28,4935,140,59,19,2,237,0.5511811023622047,0.07480314960629922,0.9330708661417323,19.429133858267715,Medium,High,0.3543307086614173
Callum Hudson-Odoi,Chelsea,Forward,20,57,182.0,76.0,3,9,1211,29,16,1,0,23,0.5087719298245614,0.017543859649122806,0.40350877192982454,21.24561403508772,Low,Low,0.05263157894736842
Wayne Hennessey,Crystal Palace,Goalkeeper,34,181,198.0,90.0,0,1,4858,47,94,4,0,1,0.2596685082872928,0.022099447513812154,0.0055248618784530384,26.83977900552486,Low,Low,0.0
Vicente Guaita,Crystal Palace,Goalkeeper,34,90,190.0,81.0,0,0,2252,32,37,5,0,1,0.35555555555555557,0.05555555555555555,0.011111111111111112,25.022222222222222,Low,Low,0.0
Jack Butland,Crystal Palace,Goalkeeper,28,77,196.0,95.0,0,0,2327,22,33,0,0,1,0.2857142857142857,0.0,0.012987012987012988,30.22077922077922,Low,Low,0.0
Stephen Henderson,Crystal Palace,Goalkeeper,33,0,193.0,87.0,0,0,0,0,0,0,0,0,,,,,,,
Nathan Ferguson,Crystal Palace,Defender,20,0,178.0,74.0,0,0,0,0,0,0,0,0,,,,,,,
Joel Ward,Crystal Palace,Defender,31,222,188.0,83.0,4,6,7143,71,105,31,0,228,0.31981981981981983,0.13963963963963963,1.027027027027027,32.17567567567568,High,High,0.018018018018018018
Patrick van Aanholt,Crystal Palace,Defender,30,212,176.0,74.0,20,15,7782,63,102,21,0,105,0.2971698113207547,0.09905660377358491,0.49528301886792453,36.70754716981132,Medium,Low,0.09433962264150944
James Tomkins,Crystal Palace,Defender,32,268,192.0,74.0,12,7,8350,85,118,47,2,169,0.31716417910447764,0.17537313432835822,0.6305970149253731,31.15671641791045,High,Medium,0.04477611940298507
Scott Dann,Crystal Palace,Defender,34,241,188.0,76.0,16,11,7013,78,104,35,0,151,0.3236514522821577,0.14522821576763487,0.6265560165975104,29.099585062240664,High,Medium,0.06639004149377593
Mamadou Sakho,Crystal Palace,Defender,31,128,187.0,83.0,3,2,5989,53,45,6,1,41,0.4140625,0.046875,0.3203125,46.7890625,Low,Low,0.0234375
Gary Cahill,Crystal Palace,Defender,35,391,193.0,86.0,28,11,13384,171,133,41,3,277,0.4373401534526854,0.10485933503836317,0.7084398976982097,34.230179028132994,Medium,Medium,0.07161125319693094
Martin Kelly,Crystal Palace,Defender,31,153,191.0,77.0,0,5,3820,55,62,14,0,117,0.35947712418300654,0.0915032679738562,0.7647058823529411,24.96732026143791,Medium,Medium,0.0
Nathaniel Clyne,Crystal Palace,Defender,30,198,175.0,67.0,4,11,8171,84,66,20,0,105,0.42424242424242425,0.10101010101010101,0.5303030303030303,41.26767676767677,Medium,Low,0.020202020202020204
Tyrick Mitchell,Crystal Palace,Defender,21,20,179.64,74.0,0,0,607,6,10,2,0,9,0.3,0.1,0.45,30.35,Medium,Low,0.0
Sam Woods,Crystal Palace,Defender,22,0,181.047619047619,73.45,0,0,0,0,0,0,0,0,,,,,,,
Reece Hannam,Crystal Palace,Defender,20,0,178.55,71.85714285714286,0,0,0,0,0,0,0,0,,,,,,,
Luka Milivojevic,Crystal Palace,Midfielder,30,150,186.0,80.0,28,5,6855,49,66,42,1,244,0.32666666666666666,0.28,1.6266666666666667,45.7,High,High,0.18666666666666668
Cheikhou KouyatÃ©,Crystal Palace,Midfielder,31,228,189.0,83.0,14,10,6975,73,90,28,1,269,0.3201754385964912,0.12280701754385964,1.1798245614035088,30.592105263157894,Medium,High,0.06140350877192982
Andros Townsend,Crystal Palace,Midfielder,29,240,181.0,77.0,22,25,5302,86,105,14,0,98,0.35833333333333334,0.058333333333333334,0.4083333333333333,22.091666666666665,Medium,Low,0.09166666666666666
Jeffrey Schlupp,Crystal Palace,Midfielder,28,170,178.0,72.0,13,10,3462,62,71,16,0,123,0.36470588235294116,0.09411764705882353,0.7235294117647059,20.36470588235294,Medium,Medium,0.07647058823529412
James McArthur,Crystal Palace,Midfielder,33,298,178.0,75.0,23,20,10794,96,134,48,0,400,0.3221476510067114,0.1610738255033557,1.342281879194631,36.22147651006711,High,High,0.07718120805369127
James McCarthy,Crystal Palace,Midfielder,30,269,180.0,72.0,13,12,11037,90,107,48,1,310,0.3345724907063197,0.17843866171003717,1.1524163568773234,41.02973977695167,High,High,0.048327137546468404
Jairo Riedewald,Crystal Palace,Midfielder,24,60,182.0,79.0,2,0,1095,17,29,3,0,26,0.2833333333333333,0.05,0.43333333333333335,18.25,Low,Low,0.03333333333333333
Eberechi Eze,Crystal Palace,Midfielder,22,33,181.047619047619,73.45,4,5,1043,11,16,3,0,17,0.3333333333333333,0.09090909090909091,0.5151515151515151,31.606060606060606,Medium,Low,0.12121212121212122
Jesurun Rak-Sakyi,Crystal Palace,Midfielder,18,0,184.0,74.0,0,0,0,0,0,0,0,0,,,,,,,
Jordan Ayew,Crystal Palace,Forward,29,168,182.0,80.0,26,12,3554,45,86,21,2,262,0.26785714285714285,0.125,1.5595238095238095,21.154761904761905,Medium,High,0.15476190476190477
Wilfried Zaha,Crystal Palace,Forward,29,242,182.97777777777782,77.17777777777778,46,26,5204,78,105,38,1,312,0.32231404958677684,0.15702479338842976,1.2892561983471074,21.50413223140496,High,High,0.19008264462809918
Christian Benteke,Crystal Palace,Forward,30,253,190.0,83.0,80,21,6200,80,120,35,4,389,0.31620553359683795,0.1383399209486166,1.5375494071146245,24.50592885375494,High,High,0.31620553359683795
Michy Batshuayi,Crystal Palace,Forward,27,77,184.0,74.0,15,4,584,41,26,0,0,36,0.5324675324675324,0.0,0.4675324675324675,7.584415584415584,Low,Low,0.19480519480519481
Jean-Philippe Mateta,Crystal Palace,Forward,23,7,192.0,88.0,1,0,47,1,5,0,0,3,0.14285714285714285,0.0,0.42857142857142855,6.714285714285714,Low,Low,0.14285714285714285
Connor Wickham,Crystal Palace,Forward,28,120,191.0,90.0,19,7,2003,29,59,11,0,147,0.24166666666666667,0.09166666666666666,1.225,16.691666666666666,Medium,High,0.15833333333333333
Jordan Pickford,Everton,Goalkeeper,27,173,185.0,77.0,0,0,5397,60,74,4,0,4,0.3468208092485549,0.023121387283236993,0.023121387283236993,31.196531791907514,Low,Low,0.0
JoÃ£o VirgÃ­nia,Everton,Goalkeeper,21,1,191.0,83.0,0,0,12,0,1,0,0,0,0.0,0.0,0.0,12.0,Low,Low,0.0
Robin Olsen,Everton,Goalkeeper,31,7,196.0,86.0,0,0,176,2,2,1,0,0,0.2857142857142857,0.14285714285714285,0.0,25.142857142857142,High,Low,0.0
Harry Tyrer,Everton,Goalkeeper,19,0,179.58823529411762,69.38461538461539,0,0,0,0,0,0,0,0,,,,,,,
Zan-Luk Leban,Everton,Goalkeeper,18,0,184.0,74.0,0,0,0,0,0,0,0,0,,,,,,,
Mason Holgate,Everton,Defender,24,90,184.0,63.0,1,4,3461,39,24,19,0,71,0.43333333333333335,0.2111111111111111,0.7888888888888889,38.455555555555556,High,Medium,0.011111111111111112
Michael Keane,Everton,Defender,28,183,191.0,82.0,8,6,7730,66,73,17,0,96,0.36065573770491804,0.09289617486338798,0.5245901639344263,42.240437158469945,Medium,Low,0.04371584699453552
Lucas Digne,Everton,Defender,27,97,178.0,74.0,4,18,3977,38,35,13,2,111,0.3917525773195876,0.13402061855670103,1.1443298969072164,41.0,High,High,0.041237113402061855
Yerry Mina,Everton,Defender,26,65,195.0,94.0,5,1,3062,28,21,8,0,55,0.4307692307692308,0.12307692307692308,0.8461538461538461,47.10769230769231,Medium,Medium,0.07692307692307693
SÃ©amus Coleman,Everton,Defender,32,297,177.0,67.0,20,24,9398,122,86,29,2,205,0.4107744107744108,0.09764309764309764,0.6902356902356902,31.643097643097644,Medium,Medium,0.06734006734006734
Niels Nkounkou,Everton,Defender,20,1,178.55,71.85714285714286,0,0,23,0,1,1,0,1,0.0,1.0,1.0,23.0,High,High,0.0
Ben Godfrey,Everton,Defender,23,58,183.0,74.0,0,2,2739,17,30,7,1,28,0.29310344827586204,0.1206896551724138,0.4827586206896552,47.224137931034484,Medium,Low,0.0
Thierry Small,Everton,Defender,16,0,179.0,75.0,0,0,0,0,0,0,0,0,,,,,,,
Ryan Astley,Everton,Defender,19,0,179.58823529411762,69.38461538461539,0,0,0,0,0,0,0,0,,,,,,,
Kyle John,Everton,Defender,20,0,178.55,71.85714285714286,0,0,0,0,0,0,0,0,,,,,,,
Reece Welch,Everton,Defender,17,0,183.0,72.5,0,0,0,0,0,0,0,0,,,,,,,
Fabian Delph,Everton,Midfielder,31,193,174.0,60.0,7,8,9074,79,77,30,3,143,0.40932642487046633,0.15544041450777202,0.7409326424870466,47.015544041450774,High,Medium,0.03626943005181347
Gylfi Sigurdsson,Everton,Midfielder,31,315,186.0,79.0,67,49,8490,128,119,22,0,211,0.40634920634920635,0.06984126984126984,0.6698412698412698,26.952380952380953,Medium,Medium,0.2126984126984127
AndrÃ© Gomes,Everton,Midfielder,27,72,188.0,84.0,1,3,2913,28,27,16,0,122,0.3888888888888889,0.2222222222222222,1.6944444444444444,40.458333333333336,High,High,0.013888888888888888
Jean-Philippe Gbamin,Everton,Midfielder,27,3,181.93023255813952,75.97619047619048,0,0,79,1,0,0,0,2,0.3333333333333333,0.0,0.6666666666666666,26.333333333333332,Low,Medium,0.0
Tom Davies,Everton,Midfielder,22,128,180.0,70.0,5,5,3562,57,40,25,0,141,0.4453125,0.1953125,1.1015625,27.828125,High,High,0.0390625
Allan,Everton,Midfielder,30,21,173.0,73.0,0,0,906,10,7,6,0,31,0.47619047619047616,0.2857142857142857,1.4761904761904763,43.142857142857146,High,High,0.0
James RodrÃ­guez,Everton,Midfielder,29,22,180.0,75.0,6,4,967,8,7,3,0,15,0.36363636363636365,0.13636363636363635,0.6818181818181818,43.95454545454545,High,Medium,0.2727272727272727
Abdoulaye DoucourÃ©,Everton,Midfielder,28,155,184.0,75.0,19,14,7902,52,73,36,0,164,0.33548387096774196,0.23225806451612904,1.0580645161290323,50.980645161290326,High,High,0.12258064516129032
Tyler Onyango,Everton,Midfielder,18,0,184.0,74.0,0,0,0,0,0,0,0,0,,,,,,,
Muhamed Besic,Everton,Midfielder,18,46,184.0,74.0,0,0,1339,14,17,11,0,42,0.30434782608695654,0.2391304347826087,0.9130434782608695,29.108695652173914,High,High,0.0
Nathan Broadhead,Everton,Midfielder,23,1,178.0,73.0,0,0,2,0,0,0,0,0,0.0,0.0,0.0,2.0,Low,Low,0.0
Isaac Price,Everton,Midfielder,17,0,183.0,72.5,0,0,0,0,0,0,0,0,,,,,,,
Richarlison,Everton,Forward,24,140,184.0,83.0,37,11,3084,54,55,20,2,141,0.38571428571428573,0.14285714285714285,1.0071428571428571,22.02857142857143,High,High,0.2642857142857143
Dominic Calvert-Lewin,Everton,Forward,24,144,187.0,71.0,40,9,2168,56,55,20,0,172,0.3888888888888889,0.1388888888888889,1.1944444444444444,15.055555555555555,High,High,0.2777777777777778
Alex Iwobi,Everton,Forward,25,154,180.0,75.0,13,18,4491,71,50,2,0,54,0.461038961038961,0.012987012987012988,0.35064935064935066,29.162337662337663,Low,Low,0.08441558441558442
Bernard,Everton,Forward,28,71,166.0,57.0,5,5,1579,25,31,9,0,42,0.352112676056338,0.1267605633802817,0.5915492957746479,22.239436619718308,Medium,Medium,0.07042253521126761
Joshua King,Everton,Forward,29,172,180.0,74.0,48,14,3198,50,82,8,0,234,0.29069767441860467,0.046511627906976744,1.3604651162790697,18.593023255813954,Low,High,0.27906976744186046
Marek RodÃ¡k,Fulham,Goalkeeper,24,1,194.0,81.0,0,0,25,0,1,0,0,0,0.0,0.0,0.0,25.0,Low,Low,0.0
Fabri,Fulham,Goalkeeper,33,2,184.0,79.0,0,0,47,0,2,0,0,0,0.0,0.0,0.0,23.5,Low,Low,0.0
Alphonse Areola,Fulham,Goalkeeper,28,35,195.0,94.0,0,0,803,5,18,1,0,0,0.14285714285714285,0.02857142857142857,0.0,22.942857142857143,Low,Low,0.0
Michael Hector,Fulham,Defender,28,4,193.0,82.0,0,0,186,0,3,2,0,5,0.0,0.5,1.25,46.5,High,High,0.0
Denis Odoi,Fulham,Defender,32,34,178.0,72.0,0,1,1500,7,22,5,0,44,0.20588235294117646,0.14705882352941177,1.2941176470588236,44.11764705882353,High,High,0.0
Tim Ream,Fulham,Defender,33,44,186.0,80.0,0,1,1767,9,27,2,0,18,0.20454545454545456,0.045454545454545456,0.4090909090909091,40.15909090909091,Low,Low,0.0
Joe Bryan,Fulham,Defender,27,42,173.0,75.0,0,1,1190,8,27,7,0,33,0.19047619047619047,0.16666666666666666,0.7857142857142857,28.333333333333332,High,Medium,0.0
Antonee Robinson,Fulham,Defender,23,28,183.0,70.0,0,0,1047,4,13,4,1,20,0.14285714285714285,0.14285714285714285,0.7142857142857143,37.392857142857146,High,Medium,0.0
Kenny Tete,Fulham,Defender,25,20,180.0,71.0,0,1,618,3,11,2,0,26,0.15,0.1,1.3,30.9,Medium,High,0.0
Ola Aina,Fulham,Defender,24,34,184.0,82.0,2,1,1478,8,15,3,0,32,0.23529411764705882,0.08823529411764706,0.9411764705882353,43.470588235294116,Medium,High,0.058823529411764705
Joachim Andersen,Fulham,Defender,24,30,192.0,90.0,1,1,1911,5,14,7,1,38,0.16666666666666666,0.23333333333333334,1.2666666666666666,63.7,High,High,0.03333333333333333
Tosin Adarabioyo,Fulham,Defender,23,31,196.0,80.0,0,0,1758,5,14,1,0,14,0.16129032258064516,0.03225806451612903,0.45161290322580644,56.70967741935484,Low,Low,0.0
Terence Kongolo,Fulham,Defender,27,46,188.0,70.0,1,1,1504,6,32,4,0,26,0.13043478260869565,0.08695652173913043,0.5652173913043478,32.69565217391305,Medium,Low,0.021739130434782608
Kevin McDonald,Fulham,Midfielder,32,41,192.0,95.0,1,1,1285,3,29,9,1,33,0.07317073170731707,0.21951219512195122,0.8048780487804879,31.341463414634145,High,Medium,0.024390243902439025
Tom Cairney,Fulham,Midfielder,30,52,186.0,84.0,3,2,2401,8,34,3,0,24,0.15384615384615385,0.057692307692307696,0.46153846153846156,46.17307692307692,Medium,Low,0.057692307692307696
Josh Onomah,Fulham,Midfielder,24,23,185.0,70.0,0,0,181,9,10,1,0,12,0.391304347826087,0.043478260869565216,0.5217391304347826,7.869565217391305,Low,Low,0.0
AndrÃ©-Frank Zambo Anguissa,Fulham,Midfielder,25,56,184.0,78.0,0,3,2375,8,34,7,1,67,0.14285714285714285,0.125,1.1964285714285714,42.410714285714285,Medium,High,0.0
Mario Lemina,Fulham,Midfielder,27,73,184.0,85.0,3,2,2631,13,34,11,0,89,0.1780821917808219,0.1506849315068493,1.2191780821917808,36.04109589041096,High,High,0.0410958904109589
Harrison Reed,Fulham,Midfielder,26,47,181.0,72.0,0,2,1765,14,18,5,0,47,0.2978723404255319,0.10638297872340426,1.0,37.5531914893617,Medium,High,0.0
Fabio Carvalho,Fulham,Midfielder,18,2,184.0,74.0,1,0,35,0,2,0,0,0,0.0,0.0,0.0,17.5,Low,Low,0.5
Ruben Loftus-Cheek,Fulham,Midfielder,25,106,191.0,88.0,10,6,2530,39,34,4,0,67,0.36792452830188677,0.03773584905660377,0.6320754716981132,23.867924528301888,Low,Medium,0.09433962264150944
Tyrese Francois,Fulham,Midfielder,20,0,166.0,55.0,0,0,0,0,0,0,0,0,,,,,,,
Aleksandar Mitrovic,Fulham,Forward,26,104,189.0,90.0,24,10,2179,20,60,14,2,136,0.19230769230769232,0.1346153846153846,1.3076923076923077,20.951923076923077,High,High,0.23076923076923078
Bobby De Cordova-Reid,Fulham,Forward,28,58,170.0,68.0,10,3,1009,12,32,7,0,39,0.20689655172413793,0.1206896551724138,0.6724137931034483,17.396551724137932,Medium,Medium,0.1724137931034483
Ivan Cavaleiro,Fulham,Forward,27,57,175.0,73.0,6,1,953,15,27,3,0,40,0.2631578947368421,0.05263157894736842,0.7017543859649122,16.719298245614034,Low,Medium,0.10526315789473684
Ademola Lookman,Fulham,Forward,23,68,174.0,71.0,5,7,1388,21,25,4,0,60,0.3088235294117647,0.058823529411764705,0.8823529411764706,20.41176470588235,Medium,High,0.07352941176470588
Josh Maja,Fulham,Forward,22,14,180.0,74.0,3,0,175,3,7,0,0,7,0.21428571428571427,0.0,0.5,12.5,Low,Low,0.21428571428571427
Sylvester Jasper,Fulham,Forward,19,0,179.58823529411762,69.38461538461539,0,0,0,0,0,0,0,0,,,,,,,
Kiko Casilla,Leeds United,Goalkeeper,34,1,190.0,86.0,0,0,24,0,1,0,0,0,0.0,0.0,0.0,24.0,Low,Low,0.0
Illan Meslier,Leeds United,Goalkeeper,21,35,193.0,74.0,0,0,1080,16,14,0,0,1,0.45714285714285713,0.0,0.02857142857142857,30.857142857142858,Low,Low,0.0
Elia Caprile,Leeds United,Goalkeeper,19,0,179.58823529411762,69.38461538461539,0,0,0,0,0,0,0,0,,,,,,,
Luke Ayling,Leeds United,Defender,29,36,185.0,72.0,0,0,2264,16,15,7,0,28,0.4444444444444444,0.19444444444444445,0.7777777777777778,62.888888888888886,High,Medium,0.0
Liam Cooper,Leeds United,Defender,29,25,180.0,73.0,1,0,1554,10,13,3,1,19,0.4,0.12,0.76,62.16,Medium,Medium,0.04
Pascal Struijk,Leeds United,Defender,21,25,179.64,74.0,1,0,1269,11,11,2,0,24,0.44,0.08,0.96,50.76,Medium,High,0.04
Robin Koch,Leeds United,Defender,24,17,192.0,83.0,0,0,769,8,6,1,0,17,0.47058823529411764,0.058823529411764705,1.0,45.23529411764706,Medium,High,0.0
Charlie Cresswell,Leeds United,Defender,18,0,184.0,74.0,0,0,0,0,0,0,0,0,,,,,,,
Diego Llorente,Leeds United,Defender,27,14,186.0,75.0,1,0,691,7,4,1,0,14,0.5,0.07142857142857142,1.0,49.357142857142854,Medium,High,0.07142857142857142
Leif Davis,Leeds United,Defender,21,2,166.0,74.0,0,0,19,0,1,0,0,1,0.0,0.0,0.5,9.5,Low,Low,0.0
Oliver Casey,Leeds United,Defender,20,0,178.55,71.85714285714286,0,0,0,0,0,0,0,0,,,,,,,
Gaetano Berardi,Leeds United,Defender,32,0,179.0,70.0,0,0,0,0,0,0,0,0,,,,,,,
Cody Drameh,Leeds United,Defender,19,0,179.58823529411762,69.38461538461539,0,0,0,0,0,0,0,0,,,,,,,
Adam Forshaw,Leeds United,Midfielder,29,35,174.0,71.0,0,1,1355,6,16,4,0,33,0.17142857142857143,0.11428571428571428,0.9428571428571428,38.714285714285715,Medium,High,0.0
Ezgjan Alioski,Leeds United,Midfielder,29,34,173.0,63.0,2,3,1302,16,13,7,0,37,0.47058823529411764,0.20588235294117646,1.088235294117647,38.294117647058826,High,High,0.058823529411764705
Stuart Dallas,Leeds United,Midfielder,30,36,183.0,81.0,8,2,1872,16,15,6,0,39,0.4444444444444444,0.16666666666666666,1.0833333333333333,52.0,High,High,0.2222222222222222
Pablo HernÃ¡ndez,Leeds United,Midfielder,36,72,173.0,64.0,5,15,2629,20,34,6,0,30,0.2777777777777778,0.08333333333333333,0.4166666666666667,36.513888888888886,Medium,Low,0.06944444444444445
Kalvin Phillips,Leeds United,Midfielder,25,27,178.0,72.0,0,2,1329,14,8,8,0,40,0.5185185185185185,0.2962962962962963,1.4814814814814814,49.22222222222222,High,High,0.0
Mateusz Klich,Leeds United,Midfielder,30,35,183.0,75.0,4,5,1467,15,15,6,0,46,0.42857142857142855,0.17142857142857143,1.3142857142857143,41.91428571428571,High,High,0.11428571428571428
Jamie Shackleton,Leeds United,Midfielder,21,13,168.0,65.0,0,0,192,6,7,0,0,3,0.46153846153846156,0.0,0.23076923076923078,14.76923076923077,Low,Low,0.0
Jack Harrison,Leeds United,Midfielder,24,34,175.0,70.0,8,8,941,15,15,2,0,25,0.4411764705882353,0.058823529411764705,0.7352941176470589,27.676470588235293,Medium,Medium,0.23529411764705882
Jack Jenkins,Leeds United,Midfielder,19,0,179.58823529411762,69.38461538461539,0,0,0,0,0,0,0,0,,,,,,,
Crysencio Summerville,Leeds United,Midfielder,19,0,179.58823529411762,69.38461538461539,0,0,0,0,0,0,0,0,,,,,,,
Ian Poveda-Ocampo,Leeds United,Forward,21,14,179.64,74.0,0,0,111,4,6,0,0,5,0.2857142857142857,0.0,0.35714285714285715,7.928571428571429,Low,Low,0.0
Patrick Bamford,Leeds United,Forward,27,63,185.0,71.0,16,7,658,19,34,4,0,54,0.30158730158730157,0.06349206349206349,0.8571428571428571,10.444444444444445,Medium,Medium,0.25396825396825395
Tyler Roberts,Leeds United,Forward,22,26,180.0,75.0,0,2,457,10,11,4,0,24,0.38461538461538464,0.15384615384615385,0.9230769230769231,17.576923076923077,High,High,0.0
Joe Gelhardt,Leeds United,Forward,19,0,179.0,69.38461538461539,0,0,0,0,0,0,0,0,,,,,,,
Rodrigo,Leeds United,Forward,30,41,182.0,77.0,7,2,685,15,20,3,0,26,0.36585365853658536,0.07317073170731707,0.6341463414634146,16.70731707317073,Medium,Medium,0.17073170731707318
Raphinha,Leeds United,Forward,24,28,176.0,68.0,6,8,817,14,12,3,0,13,0.5,0.10714285714285714,0.4642857142857143,29.178571428571427,Medium,Low,0.21428571428571427
HÃ©lder Costa,Leeds United,Forward,27,47,178.0,73.0,4,5,745,17,20,3,0,40,0.3617021276595745,0.06382978723404255,0.851063829787234,15.851063829787234,Medium,Medium,0.0851063829787234
Niall Huggins,Leeds United,Forward,20,1,178.55,71.85714285714286,0,0,17,0,1,0,0,0,0.0,0.0,0.0,17.0,Low,Low,0.0
Sam Greenwood,Leeds United,Forward,19,0,185.0,69.38461538461539,0,0,0,0,0,0,0,0,,,,,,,
Kasper Schmeichel,Leicester City,Goalkeeper,34,245,189.0,89.0,0,0,7140,109,79,11,0,0,0.4448979591836735,0.044897959183673466,0.0,29.142857142857142,Low,Low,0.0
Danny Ward,Leicester City,Goalkeeper,27,2,191.0,88.0,0,0,49,1,1,0,0,0,0.5,0.0,0.0,24.5,Low,Low,0.0
Eldin Jakupovic,Leicester City,Goalkeeper,36,28,191.0,85.0,0,0,769,9,13,0,0,0,0.32142857142857145,0.0,0.0,27.464285714285715,Low,Low,0.0
Jakub Stolarczyk,Leicester City,Goalkeeper,20,0,178.55,71.85714285714286,0,0,0,0,0,0,0,0,,,,,,,
James Justin,Leicester City,Defender,23,36,183.0,80.0,2,2,1736,19,10,5,0,24,0.5277777777777778,0.1388888888888889,0.6666666666666666,48.22222222222222,High,Medium,0.05555555555555555
Ãaglar SÃ¶yÃ¼ncÃ¼,Leicester City,Defender,24,61,185.0,82.0,2,1,3833,31,15,7,1,54,0.5081967213114754,0.11475409836065574,0.8852459016393442,62.83606557377049,Medium,High,0.03278688524590164
Wes Morgan,Leicester City,Defender,37,170,186.0,101.0,8,2,4439,72,60,12,3,129,0.4235294117647059,0.07058823529411765,0.7588235294117647,26.111764705882354,Medium,Medium,0.047058823529411764
Jonny Evans,Leicester City,Defender,33,325,188.0,77.0,13,11,15090,160,94,51,3,257,0.49230769230769234,0.15692307692307692,0.7907692307692308,46.43076923076923,High,Medium,0.04
Daniel Amartey,Leicester City,Defender,26,58,186.0,79.0,2,1,1923,23,23,7,1,44,0.39655172413793105,0.1206896551724138,0.7586206896551724,33.1551724137931,Medium,Medium,0.034482758620689655
Ricardo Pereira,Leicester City,Defender,27,76,175.0,70.0,5,9,3539,35,29,10,0,102,0.4605263157894737,0.13157894736842105,1.3421052631578947,46.56578947368421,Medium,High,0.06578947368421052
Christian Fuchs,Leicester City,Defender,35,116,187.0,89.0,2,9,4575,54,35,19,0,93,0.46551724137931033,0.16379310344827586,0.8017241379310345,39.439655172413794,High,Medium,0.017241379310344827
Timothy Castagne,Leicester City,Defender,25,25,185.0,80.0,2,3,1236,14,7,1,0,20,0.56,0.04,0.8,49.44,Low,Medium,0.08
Wesley Fofana,Leicester City,Defender,20,26,190.0,71.85714285714286,0,0,1625,14,8,6,0,34,0.5384615384615384,0.23076923076923078,1.3076923076923077,62.5,High,High,0.0
Ben Nelson,Leicester City,Defender,17,0,183.0,72.5,0,0,0,0,0,0,0,0,,,,,,,
Luke Thomas,Leicester City,Defender,19,15,179.58823529411762,69.38461538461539,1,1,493,7,6,2,0,11,0.4666666666666667,0.13333333333333333,0.7333333333333333,32.86666666666667,High,Medium,0.06666666666666667
Vontae Daley-Campbell,Leicester City,Defender,20,0,178.55,71.85714285714286,0,0,0,0,0,0,0,0,,,,,,,
Youri Tielemans,Leicester City,Midfielder,24,86,176.0,72.0,12,14,4776,43,27,10,0,77,0.5,0.11627906976744186,0.8953488372093024,55.53488372093023,Medium,High,0.13953488372093023
James Maddison,Leicester City,Midfielder,24,96,175.0,73.0,21,15,3861,47,32,11,1,79,0.4895833333333333,0.11458333333333333,0.8229166666666666,40.21875,Medium,Medium,0.21875
Marc Albrighton,Leicester City,Midfielder,31,285,175.0,74.0,18,42,6288,107,100,34,1,175,0.37543859649122807,0.11929824561403508,0.6140350877192983,22.063157894736843,Medium,Medium,0.06315789473684211
Harvey Barnes,Leicester City,Midfielder,23,80,174.0,66.0,16,14,1621,38,28,0,0,44,0.475,0.0,0.55,20.2625,Low,Low,0.2
Hamza Choudhury,Leicester City,Midfielder,23,47,178.0,64.0,1,2,1135,21,15,4,1,30,0.44680851063829785,0.0851063829787234,0.6382978723404256,24.148936170212767,Medium,Medium,0.02127659574468085
Wilfred Ndidi,Leicester City,Midfielder,24,144,183.0,74.0,7,8,7375,65,49,25,2,239,0.4513888888888889,0.1736111111111111,1.6597222222222223,51.21527777777778,High,High,0.04861111111111111
Dennis Praet,Leicester City,Midfielder,27,42,181.0,78.0,2,3,815,21,15,2,0,30,0.5,0.047619047619047616,0.7142857142857143,19.404761904761905,Low,Medium,0.047619047619047616
Cengiz Ãnder,Leicester City,Midfielder,23,9,173.0,66.0,0,2,111,2,6,0,0,1,0.2222222222222222,0.0,0.1111111111111111,12.333333333333334,Low,Low,0.0
Shane Flynn,Leicester City,Midfielder,19,0,179.58823529411762,69.38461538461539,0,0,0,0,0,0,0,0,,,,,,,
Sidnei Tavares,Leicester City,Midfielder,19,2,179.58823529411762,69.38461538461539,0,0,26,1,0,0,0,1,0.5,0.0,0.5,13.0,Low,Low,0.0
Nampalys Mendy,Leicester City,Midfielder,28,64,167.0,73.0,0,1,2336,29,24,11,0,49,0.453125,0.171875,0.765625,36.5,High,Medium,0.0
Ethan Fitzhugh,Leicester City,Midfielder,18,0,184.0,74.0,0,0,0,0,0,0,0,0,,,,,,,
Thakgalo Leshabela,Leicester City,Midfielder,21,1,175.0,72.0,0,0,7,1,0,0,0,0,1.0,0.0,0.0,7.0,Low,Low,0.0
Thanawat Suengchitthawon,Leicester City,Midfielder,21,0,179.64,74.0,0,0,0,0,0,0,0,0,,,,,,,
Tawanda Maswanhise,Leicester City,Midfielder,18,0,184.0,74.0,0,0,0,0,0,0,0,0,,,,,,,
Jamie Vardy,Leicester City,Forward,34,243,179.0,74.0,116,38,3349,103,85,21,3,201,0.42386831275720166,0.08641975308641975,0.8271604938271605,13.781893004115226,Medium,Medium,0.4773662551440329
Kelechi Iheanacho,Leicester City,Forward,24,140,185.0,82.0,32,15,1778,53,53,7,0,105,0.37857142857142856,0.05,0.75,12.7,Low,Medium,0.22857142857142856
Ayoze PÃ©rez,Leicester City,Forward,27,199,178.0,72.0,43,14,3822,68,85,10,0,205,0.3417085427135678,0.05025125628140704,1.0301507537688441,19.20603015075377,Low,High,0.21608040201005024
Alisson,Liverpool,Goalkeeper,28,97,191.0,91.0,0,1,2786,68,11,2,1,2,0.7010309278350515,0.020618556701030927,0.020618556701030927,28.721649484536083,Low,Low,0.0
AdriÃ¡n,Liverpool,Goalkeeper,34,139,190.0,80.0,0,0,3481,57,45,10,2,5,0.41007194244604317,0.07194244604316546,0.03597122302158273,25.0431654676259,Medium,Low,0.0
Caoimhin Kelleher,Liverpool,Goalkeeper,22,2,178.0,74.0,0,0,52,1,1,0,0,0,0.5,0.0,0.0,26.0,Low,Low,0.0
Liam Hughes,Liverpool,Goalkeeper,19,0,179.58823529411762,69.38461538461539,0,0,0,0,0,0,0,0,,,,,,,
Jakub Ojrzynski,Liverpool,Goalkeeper,18,0,184.0,74.0,0,0,0,0,0,0,0,0,,,,,,,
Harvey Davies,Liverpool,Goalkeeper,17,0,183.0,72.5,0,0,0,0,0,0,0,0,,,,,,,
Virgil van Dijk,Liverpool,Defender,29,162,193.0,92.0,14,3,10775,99,31,9,1,92,0.6111111111111112,0.05555555555555555,0.5679012345679012,66.51234567901234,Low,Low,0.08641975308641975
Joseph Gomez,Liverpool,Defender,23,79,188.0,77.0,0,3,4890,55,7,15,0,63,0.6962025316455697,0.189873417721519,0.7974683544303798,61.89873417721519,High,Medium,0.0
Andrew Robertson,Liverpool,Defender,27,186,178.0,64.0,5,37,10656,101,45,22,0,102,0.543010752688172,0.11827956989247312,0.5483870967741935,57.29032258064516,Medium,Low,0.026881720430107527
Joel Matip,Liverpool,Defender,29,95,195.0,90.0,5,2,5794,62,8,11,0,62,0.6526315789473685,0.11578947368421053,0.6526315789473685,60.98947368421052,Medium,Medium,0.05263157894736842
Trent Alexander-Arnold,Liverpool,Defender,22,126,175.0,69.0,8,32,7415,88,17,12,0,66,0.6984126984126984,0.09523809523809523,0.5238095238095238,58.84920634920635,Medium,Low,0.06349206349206349
Neco Williams,Liverpool,Defender,20,12,178.55,71.85714285714286,0,0,324,7,2,2,0,8,0.5833333333333334,0.16666666666666666,0.6666666666666666,27.0,High,Medium,0.0
Konstantinos Tsimikas,Liverpool,Defender,25,1,178.0,77.0,0,0,5,0,1,0,0,1,0.0,0.0,1.0,5.0,Low,High,0.0
Nathaniel Phillips,Liverpool,Defender,24,14,190.0,75.79545454545455,0,1,941,9,3,2,0,18,0.6428571428571429,0.14285714285714285,1.2857142857142858,67.21428571428571,High,High,0.0
Rhys Williams,Liverpool,Defender,20,6,178.55,71.85714285714286,0,0,317,4,1,0,0,2,0.6666666666666666,0.0,0.3333333333333333,52.833333333333336,Low,Low,0.0
Ben Davies,Liverpool,Defender,25,0,185.0,76.0,0,0,0,0,0,0,0,0,,,,,,,
Ozan Kabak,Liverpool,Defender,21,9,186.0,86.0,0,0,584,4,3,3,0,12,0.4444444444444444,0.3333333333333333,1.3333333333333333,64.88888888888889,High,High,0.0
Billy Koumetio,Liverpool,Defender,18,0,184.0,74.0,0,0,0,0,0,0,0,0,,,,,,,
Fabinho,Liverpool,Midfielder,27,83,188.0,78.0,3,5,5101,57,10,18,0,85,0.6867469879518072,0.21686746987951808,1.0240963855421688,61.45783132530121,High,High,0.03614457831325301
Georginio Wijnaldum,Liverpool,Midfielder,30,214,175.0,69.0,27,16,9201,126,41,8,0,98,0.5887850467289719,0.037383177570093455,0.45794392523364486,42.995327102803735,Low,Low,0.1261682242990654
James Milner,Liverpool,Midfielder,35,562,175.0,70.0,55,85,16969,282,140,67,3,456,0.501779359430605,0.11921708185053381,0.8113879003558719,30.193950177935942,Medium,Medium,0.09786476868327403
Naby Keita,Liverpool,Midfielder,26,53,172.0,64.0,4,4,2039,42,4,2,0,47,0.7924528301886793,0.03773584905660377,0.8867924528301887,38.471698113207545,Low,High,0.07547169811320754
Jordan Henderson,Liverpool,Midfielder,30,361,182.0,67.0,31,47,19662,192,84,34,2,306,0.5318559556786704,0.09418282548476455,0.8476454293628809,54.46537396121884,Medium,Medium,0.08587257617728532
Alex Oxlade-Chamberlain,Liverpool,Midfielder,27,207,180.0,70.0,16,23,4700,118,46,10,0,107,0.5700483091787439,0.04830917874396135,0.5169082125603864,22.705314009661837,Low,Low,0.07729468599033816
Curtis Jones,Liverpool,Midfielder,20,29,185.0,75.0,2,2,1031,16,6,2,0,20,0.5517241379310345,0.06896551724137931,0.6896551724137931,35.55172413793103,Medium,Medium,0.06896551724137931
Xherdan Shaqiri,Liverpool,Midfielder,29,128,169.0,72.0,22,20,3407,52,44,14,0,90,0.40625,0.109375,0.703125,26.6171875,Medium,Medium,0.171875
Thiago,Liverpool,Midfielder,30,21,174.0,70.0,1,0,1441,9,7,4,0,42,0.42857142857142855,0.19047619047619047,2.0,68.61904761904762,High,High,0.047619047619047616
Jake Cain,Liverpool,Midfielder,19,0,179.58823529411762,69.38461538461539,0,0,0,0,0,0,0,0,,,,,,,
Leighton Clarkson,Liverpool,Midfielder,19,0,175.0,62.0,0,0,0,0,0,0,0,0,,,,,,,
Roberto Firmino,Liverpool,Forward,29,208,181.0,76.0,65,41,7291,129,31,9,0,225,0.6201923076923077,0.04326923076923077,1.0817307692307692,35.05288461538461,Low,High,0.3125
Sadio ManÃ©,Liverpool,Forward,29,226,175.0,69.0,93,34,6948,135,42,24,3,261,0.5973451327433629,0.10619469026548672,1.154867256637168,30.743362831858406,Medium,High,0.41150442477876104
Mohamed Salah,Liverpool,Forward,28,155,175.0,71.0,96,33,4419,104,21,4,0,83,0.6709677419354839,0.025806451612903226,0.535483870967742,28.509677419354837,Low,Low,0.6193548387096774
Divock Origi,Liverpool,Forward,26,100,185.0,75.0,19,6,917,60,17,1,0,47,0.6,0.01,0.47,9.17,Low,Low,0.19
Diogo Jota,Liverpool,Forward,24,85,178.0,70.0,25,6,2011,37,22,17,0,109,0.43529411764705883,0.2,1.2823529411764707,23.658823529411766,High,High,0.29411764705882354
Ederson,Manchester City,Goalkeeper,27,143,188.0,86.0,0,2,3640,110,19,9,1,5,0.7692307692307693,0.06293706293706294,0.03496503496503497,25.454545454545453,Medium,Low,0.0
Zack Steffen,Manchester City,Goalkeeper,26,1,191.0,86.0,0,0,26,1,0,0,0,1,1.0,0.0,1.0,26.0,Low,High,0.0
Scott Carson,Manchester City,Goalkeeper,35,146,190.0,76.0,0,2,2732,45,66,6,1,4,0.3082191780821918,0.0410958904109589,0.0273972602739726,18.71232876712329,Low,Low,0.0
James Trafford,Manchester City,Goalkeeper,18,0,184.0,74.0,0,0,0,0,0,0,0,0,,,,,,,
Nathan AkÃ©,Manchester City,Defender,26,156,180.0,75.0,13,6,6331,56,70,19,1,105,0.358974358974359,0.12179487179487179,0.6730769230769231,40.583333333333336,Medium,Medium,0.08333333333333333
Kyle Walker,Manchester City,Defender,30,315,178.0,70.0,8,30,17267,197,53,46,1,264,0.6253968253968254,0.14603174603174604,0.8380952380952381,54.81587301587302,High,Medium,0.025396825396825397
John Stones,Manchester City,Defender,26,182,188.0,70.0,5,0,10482,106,41,7,1,51,0.5824175824175825,0.038461538461538464,0.2802197802197802,57.59340659340659,Low,Low,0.027472527472527472
Oleksandr Zinchenko,Manchester City,Defender,24,59,175.0,64.0,0,3,4306,48,9,2,1,43,0.8135593220338984,0.03389830508474576,0.7288135593220338,72.98305084745763,Low,Medium,0.0
Aymeric Laporte,Manchester City,Defender,26,75,191.0,86.0,4,3,6231,62,8,6,0,49,0.8266666666666667,0.08,0.6533333333333333,83.08,Medium,Medium,0.05333333333333334
Benjamin Mendy,Manchester City,Defender,26,49,185.0,85.0,2,9,2494,36,6,8,0,44,0.7346938775510204,0.16326530612244897,0.8979591836734694,50.89795918367347,High,High,0.04081632653061224
JoÃ£o Cancelo,Manchester City,Defender,26,44,182.0,74.0,2,3,2856,31,8,9,0,52,0.7045454545454546,0.20454545454545456,1.1818181818181819,64.9090909090909,High,High,0.045454545454545456
Eric GarcÃ­a,Manchester City,Defender,20,18,182.0,71.85714285714286,0,0,1053,14,3,1,0,12,0.7777777777777778,0.05555555555555555,0.6666666666666666,58.5,Low,Medium,0.0
RÃºben Dias,Manchester City,Defender,24,30,186.0,76.0,1,0,2566,22,3,3,0,19,0.7333333333333333,0.1,0.6333333333333333,85.53333333333333,Medium,Medium,0.03333333333333333
Luke Mbete,Manchester City,Defender,17,0,183.0,72.5,0,0,0,0,0,0,0,0,,,,,,,
Ilkay GÃ¼ndogan,Manchester City,Midfielder,30,129,180.0,80.0,27,8,7533,96,20,14,0,53,0.7441860465116279,0.10852713178294573,0.4108527131782946,58.395348837209305,Medium,Low,0.20930232558139536
Rodrigo,Manchester City,Midfielder,24,67,191.0,82.0,5,4,5262,47,12,13,0,85,0.7014925373134329,0.19402985074626866,1.2686567164179106,78.53731343283582,High,High,0.07462686567164178
Kevin De Bruyne,Manchester City,Midfielder,29,179,181.0,68.0,41,77,9536,124,25,15,0,144,0.6927374301675978,0.08379888268156424,0.8044692737430168,53.273743016759774,Medium,Medium,0.22905027932960895
Bernardo Silva,Manchester City,Midfielder,26,130,173.0,64.0,21,24,5367,101,17,12,0,79,0.7769230769230769,0.09230769230769231,0.6076923076923076,41.284615384615385,Medium,Medium,0.16153846153846155
Fernandinho,Manchester City,Midfielder,36,243,179.0,67.0,18,16,15649,170,38,51,4,344,0.6995884773662552,0.20987654320987653,1.4156378600823045,64.39917695473251,High,High,0.07407407407407407
Phil Foden,Manchester City,Midfielder,20,67,171.0,70.0,13,8,1463,55,8,0,0,28,0.8208955223880597,0.0,0.417910447761194,21.83582089552239,Low,Low,0.19402985074626866
Felix Nmecha,Manchester City,Midfielder,20,0,178.55,71.85714285714286,0,0,0,0,0,0,0,0,,,,,,,
Mix Diskerud,Manchester City,Midfielder,30,0,184.0,68.0,0,0,0,0,0,0,0,0,,,,,,,
Claudio Gomes,Manchester City,Midfielder,20,0,164.0,71.85714285714286,0,0,0,0,0,0,0,0,,,,,,,
Tommy Doyle,Manchester City,Midfielder,19,1,179.58823529411762,69.38461538461539,0,0,20,1,0,0,0,0,1.0,0.0,0.0,20.0,Low,Low,0.0
Cole Palmer,Manchester City,Midfielder,19,0,179.58823529411762,69.38461538461539,0,0,0,0,0,0,0,0,,,,,,,
AdriÃ¡n BernabÃ©,Manchester City,Midfielder,19,0,179.58823529411762,69.38461538461539,0,0,0,0,0,0,0,0,,,,,,,
Ferran Torres,Manchester City,Forward,21,22,184.0,77.0,7,2,393,15,4,1,0,16,0.6818181818181818,0.045454545454545456,0.7272727272727273,17.863636363636363,Low,Medium,0.3181818181818182
Raheem Sterling,Manchester City,Forward,26,289,170.0,69.0,96,50,9344,180,60,31,1,331,0.6228373702422145,0.10726643598615918,1.1453287197231834,32.332179930795846,Medium,High,0.33217993079584773
Gabriel Jesus,Manchester City,Forward,24,129,175.0,73.0,49,21,2492,99,16,14,0,104,0.7674418604651163,0.10852713178294573,0.8062015503875969,19.31782945736434,Medium,Medium,0.3798449612403101
Sergio AgÃ¼ero,Manchester City,Forward,32,274,173.0,70.0,182,47,6290,185,45,23,1,169,0.6751824817518248,0.08394160583941605,0.6167883211678832,22.956204379562045,Medium,Medium,0.6642335766423357
Riyad Mahrez,Manchester City,Forward,30,224,179.0,67.0,66,44,6970,117,61,7,0,129,0.5223214285714286,0.03125,0.5758928571428571,31.116071428571427,Low,Medium,0.29464285714285715
Liam Delap,Manchester City,Forward,18,1,184.0,74.0,0,0,6,0,1,0,0,1,0.0,0.0,1.0,6.0,Low,High,0.0
David de Gea,Manchester United,Goalkeeper,30,338,192.0,76.0,0,0,7471,186,70,6,0,1,0.5502958579881657,0.01775147928994083,0.0029585798816568047,22.10355029585799,Low,Low,0.0
Lee Grant,Manchester United,Goalkeeper,38,31,193.0,83.0,0,0,959,10,12,1,0,0,0.3225806451612903,0.03225806451612903,0.0,30.93548387096774,Low,Low,0.0
Sergio Romero,Manchester United,Goalkeeper,34,7,192.0,87.0,0,0,181,4,1,0,0,0,0.5714285714285714,0.0,0.0,25.857142857142858,Low,Low,0.0
Dean Henderson,Manchester United,Goalkeeper,24,48,188.0,85.0,0,0,1168,23,12,4,0,0,0.4791666666666667,0.08333333333333333,0.0,24.333333333333332,Medium,Low,0.0
Nathan Bishop,Manchester United,Goalkeeper,21,0,185.0,72.0,0,0,0,0,0,0,0,0,,,,,,,
Victor LindelÃ¶f,Manchester United,Defender,26,110,187.0,80.0,3,2,6144,57,21,8,0,75,0.5181818181818182,0.07272727272727272,0.6818181818181818,55.85454545454545,Medium,Medium,0.02727272727272727
Eric Bailly,Manchester United,Defender,26,65,182.66666666666663,76.46153846153847,1,0,2214,41,10,9,1,54,0.6307692307692307,0.13846153846153847,0.8307692307692308,34.06153846153846,High,Medium,0.015384615384615385
Phil Jones,Manchester United,Defender,29,200,180.0,71.0,2,6,7835,104,44,27,0,155,0.52,0.135,0.775,39.175,High,Medium,0.01
Harry Maguire,Manchester United,Defender,28,173,194.0,100.0,10,8,9461,70,61,36,1,155,0.4046242774566474,0.20809248554913296,0.8959537572254336,54.6878612716763,High,High,0.057803468208092484
Luke Shaw,Manchester United,Defender,25,187,185.0,75.0,2,12,8145,84,43,36,1,179,0.44919786096256686,0.1925133689839572,0.9572192513368984,43.55614973262032,High,High,0.0106951871657754
Aaron Wan-Bissaka,Manchester United,Defender,23,110,183.0,72.0,2,11,4769,52,30,16,1,76,0.4727272727272727,0.14545454545454545,0.6909090909090909,43.35454545454545,High,Medium,0.01818181818181818
Axel Tuanzebe,Manchester United,Defender,23,17,186.0,75.0,0,0,464,7,5,2,0,12,0.4117647058823529,0.11764705882352941,0.7058823529411765,27.294117647058822,Medium,Medium,0.0
Brandon Williams,Manchester United,Defender,20,20,171.0,63.0,1,0,612,10,4,6,0,14,0.5,0.3,0.7,30.6,High,Medium,0.05
Alex Telles,Manchester United,Defender,28,8,181.0,71.0,0,2,419,6,2,0,0,4,0.75,0.0,0.5,52.375,Low,Low,0.0
William Fish,Manchester United,Defender,18,0,184.0,74.0,0,0,0,0,0,0,0,0,,,,,,,
Paul Pogba,Manchester United,Midfielder,28,136,191.0,84.0,28,29,8365,76,22,22,1,225,0.5588235294117647,0.16176470588235295,1.6544117647058822,61.50735294117647,High,High,0.20588235294117646
Juan Mata,Manchester United,Midfielder,33,270,170.0,63.0,51,54,11613,142,62,19,1,135,0.5259259259259259,0.07037037037037037,0.5,43.01111111111111,Medium,Low,0.18888888888888888
Fred,Manchester United,Midfielder,28,75,169.0,64.0,2,1,4161,38,17,15,0,112,0.5066666666666667,0.2,1.4933333333333334,55.48,High,High,0.02666666666666667
Bruno Fernandes,Manchester United,Midfielder,26,50,179.0,69.0,26,18,2831,29,6,7,0,51,0.58,0.14,1.02,56.62,High,High,0.52
Daniel James,Manchester United,Midfielder,23,47,171.0,76.0,6,6,969,23,9,7,0,28,0.48936170212765956,0.14893617021276595,0.5957446808510638,20.617021276595743,High,Medium,0.1276595744680851
Nemanja Matic,Manchester United,Midfielder,32,227,194.0,85.0,6,19,13413,140,41,38,3,248,0.6167400881057269,0.16740088105726872,1.092511013215859,59.08810572687225,High,High,0.02643171806167401
Scott McTominay,Manchester United,Midfielder,24,89,193.0,88.0,10,2,3109,50,16,9,0,103,0.5617977528089888,0.10112359550561797,1.1573033707865168,34.93258426966292,Medium,High,0.11235955056179775
Donny van de Beek,Manchester United,Midfielder,24,17,184.0,74.0,1,1,221,10,5,1,0,5,0.5882352941176471,0.058823529411764705,0.29411764705882354,13.0,Medium,Low,0.058823529411764705
Ethan Galbraith,Manchester United,Midfielder,20,0,175.0,67.0,0,0,0,0,0,0,0,0,,,,,,,
Anthony Martial,Manchester United,Forward,25,167,181.0,76.0,55,26,4162,86,39,8,1,140,0.5149700598802395,0.04790419161676647,0.8383233532934131,24.922155688622755,Low,Medium,0.32934131736526945
Marcus Rashford,Manchester United,Forward,23,178,180.0,70.0,55,30,4102,96,33,16,1,114,0.5393258426966292,0.0898876404494382,0.6404494382022472,23.04494382022472,Medium,Medium,0.3089887640449438
Mason Greenwood,Manchester United,Forward,19,64,181.0,70.0,17,3,1242,29,15,2,0,28,0.453125,0.03125,0.4375,19.40625,Low,Low,0.265625
Edinson Cavani,Manchester United,Forward,34,25,184.0,71.0,9,3,319,13,4,4,0,20,0.52,0.16,0.8,12.76,High,Medium,0.36
Amad,Manchester United,Forward,34,1,187.44444444444446,82.3888888888889,0,1,19,0,1,0,0,2,0.0,0.0,2.0,19.0,Low,High,0.0
Shola Shoretire,Manchester United,Forward,17,1,183.0,72.5,0,0,4,1,0,0,0,0,1.0,0.0,0.0,4.0,Low,Low,0.0
Anthony Elanga,Manchester United,Forward,19,1,179.58823529411762,69.38461538461539,0,0,22,0,1,0,0,2,0.0,0.0,2.0,22.0,Low,High,0.0
Mason Greenwood,Manchester United,Forward,19,64,181.0,70.0,17,3,1242,29,15,2,0,28,0.453125,0.03125,0.4375,19.40625,Low,Low,0.265625
Mark Gillespie,Newcastle United,Goalkeeper,29,0,192.0,83.0,0,0,0,0,0,0,0,0,,,,,,,
Martin Dubravka,Newcastle United,Goalkeeper,32,99,190.0,80.0,0,0,2624,32,41,1,0,0,0.32323232323232326,0.010101010101010102,0.0,26.505050505050505,Low,Low,0.0
Karl Darlow,Newcastle United,Goalkeeper,30,44,190.0,88.0,0,0,1140,11,21,3,0,0,0.25,0.06818181818181818,0.0,25.90909090909091,Medium,Low,0.0
Daniel Langley,Newcastle United,Goalkeeper,20,0,178.55,71.85714285714286,0,0,0,0,0,0,0,0,,,,,,,
Ciaran Clark,Newcastle United,Defender,31,201,185.0,88.0,15,5,6465,50,96,50,2,187,0.24875621890547264,0.24875621890547264,0.9303482587064676,32.16417910447761,High,High,0.07462686567164178
Paul Dummett,Newcastle United,Defender,29,141,183.0,82.0,3,0,4223,46,60,14,1,67,0.3262411347517731,0.09929078014184398,0.475177304964539,29.95035460992908,Medium,Low,0.02127659574468085
Fabian SchÃ¤r,Newcastle United,Defender,29,63,188.0,84.0,6,1,2327,22,31,21,1,79,0.3492063492063492,0.3333333333333333,1.253968253968254,36.93650793650794,High,High,0.09523809523809523
Jamaal Lascelles,Newcastle United,Defender,27,126,188.0,89.0,8,1,4242,36,57,19,1,82,0.2857142857142857,0.15079365079365079,0.6507936507936508,33.666666666666664,High,Medium,0.06349206349206349
Emil Krafth,Newcastle United,Defender,26,31,184.0,83.0,1,1,700,9,14,4,0,15,0.2903225806451613,0.12903225806451613,0.4838709677419355,22.580645161290324,Medium,Low,0.03225806451612903
Federico FernÃ¡ndez,Newcastle United,Defender,32,190,190.0,83.0,4,7,7870,61,81,29,0,147,0.32105263157894737,0.15263157894736842,0.7736842105263158,41.421052631578945,High,Medium,0.021052631578947368
Javier Manquillo,Newcastle United,Defender,27,103,178.0,76.0,1,5,2459,29,49,15,0,78,0.2815533980582524,0.14563106796116504,0.7572815533980582,23.87378640776699,High,Medium,0.009708737864077669
Jamal Lewis,Newcastle United,Defender,23,52,178.0,70.0,1,1,1694,10,36,8,0,33,0.19230769230769232,0.15384615384615385,0.6346153846153846,32.57692307692308,High,Medium,0.019230769230769232
Jacob Murphy,Newcastle United,Midfielder,26,58,179.0,74.0,3,4,734,11,34,3,0,35,0.1896551724137931,0.05172413793103448,0.603448275862069,12.655172413793103,Low,Medium,0.05172413793103448
Jonjo Shelvey,Newcastle United,Midfielder,29,241,184.0,80.0,21,26,10081,85,97,39,4,203,0.35269709543568467,0.16182572614107885,0.8423236514522822,41.829875518672196,High,Medium,0.08713692946058091
Matt Ritchie,Newcastle United,Midfielder,31,144,172.0,76.0,11,22,4496,43,63,26,0,170,0.2986111111111111,0.18055555555555555,1.1805555555555556,31.22222222222222,High,High,0.0763888888888889
Isaac Hayden,Newcastle United,Midfielder,26,104,185.0,79.0,3,6,2836,36,42,22,2,125,0.34615384615384615,0.21153846153846154,1.2019230769230769,27.26923076923077,High,High,0.028846153846153848
Miguel AlmirÃ³n,Newcastle United,Midfielder,27,78,174.0,70.0,8,3,1856,25,33,8,0,54,0.32051282051282054,0.10256410256410256,0.6923076923076923,23.794871794871796,Medium,Medium,0.10256410256410256
Christian Atsu,Newcastle United,Midfielder,29,80,165.0,65.0,3,6,1096,25,32,5,0,34,0.3125,0.0625,0.425,13.7,Medium,Low,0.0375
Sean Longstaff,Newcastle United,Midfielder,23,52,180.0,65.0,2,2,1446,19,23,6,1,44,0.36538461538461536,0.11538461538461539,0.8461538461538461,27.807692307692307,Medium,Medium,0.038461538461538464
Jeff Hendrick,Newcastle United,Midfielder,29,143,185.0,79.0,11,6,3547,48,64,20,2,111,0.3356643356643357,0.13986013986013987,0.7762237762237763,24.804195804195803,High,Medium,0.07692307692307693
Ryan Fraser,Newcastle United,Midfielder,27,138,163.0,70.0,16,28,3713,37,68,7,1,45,0.26811594202898553,0.050724637681159424,0.32608695652173914,26.905797101449274,Low,Low,0.11594202898550725
Henri Saivet,Newcastle United,Midfielder,30,5,174.0,76.0,1,0,106,3,2,0,0,1,0.6,0.0,0.2,21.2,Low,Low,0.2
Elliot Anderson,Newcastle United,Midfielder,18,1,184.0,74.0,0,0,1,0,1,0,0,0,0.0,0.0,0.0,1.0,Low,Low,0.0
Joseph Willock,Newcastle United,Midfielder,21,52,179.0,71.0,7,1,666,18,18,3,0,28,0.34615384615384615,0.057692307692307696,0.5384615384615384,12.807692307692308,Medium,Low,0.1346153846153846
Matthew Longstaff,Newcastle United,Midfielder,21,14,179.64,74.0,2,0,394,2,8,1,0,9,0.14285714285714285,0.07142857142857142,0.6428571428571429,28.142857142857142,Medium,Medium,0.14285714285714285
Andy Carroll,Newcastle United,Forward,32,247,193.0,79.0,54,22,4817,83,101,34,2,328,0.3360323886639676,0.13765182186234817,1.3279352226720649,19.502024291497975,High,High,0.21862348178137653
Joelinton,Newcastle United,Forward,24,68,186.0,81.0,6,4,1390,19,29,10,0,56,0.27941176470588236,0.14705882352941177,0.8235294117647058,20.441176470588236,High,Medium,0.08823529411764706
Allan Saint-Maximin,Newcastle United,Forward,24,49,173.0,67.0,6,8,797,18,19,0,0,28,0.3673469387755102,0.0,0.5714285714285714,16.26530612244898,Low,Low,0.12244897959183673
Dwight Gayle,Newcastle United,Forward,31,135,174.0,78.0,26,7,1290,30,73,8,1,81,0.2222222222222222,0.05925925925925926,0.6,9.555555555555555,Medium,Medium,0.1925925925925926
Callum Wilson,Newcastle United,Forward,29,152,180.0,66.0,53,17,2006,48,70,15,0,215,0.3157894736842105,0.09868421052631579,1.4144736842105263,13.197368421052632,Medium,High,0.34868421052631576
Wes Foderingham,Sheffield United,Goalkeeper,30,0,185.0,75.0,0,0,0,0,0,0,0,0,,,,,,,
Simon Moore,Sheffield United,Goalkeeper,30,2,191.0,83.0,0,0,44,0,1,0,0,0,0.0,0.0,0.0,22.0,Low,Low,0.0
Aaron Ramsdale,Sheffield United,Goalkeeper,23,72,188.0,77.0,0,1,1869,14,49,1,0,1,0.19444444444444445,0.013888888888888888,0.013888888888888888,25.958333333333332,Low,Low,0.0
George Baldock,Sheffield United,Defender,28,68,178.0,71.0,2,5,1951,18,36,12,0,91,0.2647058823529412,0.17647058823529413,1.338235294117647,28.691176470588236,High,High,0.029411764705882353
Enda Stevens,Sheffield United,Defender,30,72,183.0,78.0,2,4,2668,18,38,13,0,73,0.25,0.18055555555555555,1.0138888888888888,37.05555555555556,High,High,0.027777777777777776
Jack O'Connell,Sheffield United,Defender,27,35,190.0,85.0,0,1,1634,13,11,4,0,22,0.37142857142857144,0.11428571428571428,0.6285714285714286,46.68571428571428,Medium,Medium,0.0
Chris Basham,Sheffield United,Defender,32,87,190.0,80.0,1,4,2539,23,45,8,0,58,0.26436781609195403,0.09195402298850575,0.6666666666666666,29.183908045977013,Medium,Medium,0.011494252873563218
John Egan,Sheffield United,Defender,28,64,185.0,75.0,2,1,2320,17,34,10,2,62,0.265625,0.15625,0.96875,36.25,High,High,0.03125
Jack Robinson,Sheffield United,Defender,27,17,168.0,64.0,0,0,589,2,9,3,0,11,0.11764705882352941,0.17647058823529413,0.6470588235294118,34.64705882352941,High,Medium,0.0
Kean Bryan,Sheffield United,Defender,24,13,185.0,72.0,1,0,447,3,10,1,0,13,0.23076923076923078,0.07692307692307693,1.0,34.38461538461539,Medium,High,0.07692307692307693
Max Lowe,Sheffield United,Defender,24,8,175.0,74.0,0,0,172,1,6,1,0,10,0.125,0.125,1.25,21.5,Medium,High,0.0
Ethan Ampadu,Sheffield United,Defender,20,26,183.0,78.0,0,0,1025,5,20,3,0,25,0.19230769230769232,0.11538461538461539,0.9615384615384616,39.42307692307692,Medium,High,0.0
Jayden Bogle,Sheffield United,Defender,20,15,178.0,69.0,2,0,285,4,10,2,0,15,0.26666666666666666,0.13333333333333333,1.0,19.0,High,High,0.13333333333333333
Phil Jagielka,Sheffield United,Defender,38,375,180.0,87.0,18,9,14975,150,117,24,3,167,0.4,0.064,0.44533333333333336,39.93333333333333,Medium,Low,0.048
Kyron Gordon,Sheffield United,Defender,18,0,184.0,74.0,0,0,0,0,0,0,0,0,,,,,,,
John Fleck,Sheffield United,Midfielder,29,58,170.0,72.0,5,4,2023,15,33,11,0,57,0.25862068965517243,0.1896551724137931,0.9827586206896551,34.87931034482759,High,High,0.08620689655172414
John Lundstram,Sheffield United,Midfielder,27,62,181.0,74.0,5,5,2175,17,32,13,1,51,0.27419354838709675,0.20967741935483872,0.8225806451612904,35.08064516129032,High,Medium,0.08064516129032258
Oliver Norwood,Sheffield United,Midfielder,30,67,180.0,75.0,1,1,3248,19,35,13,0,55,0.2835820895522388,0.19402985074626866,0.8208955223880597,48.47761194029851,High,Medium,0.014925373134328358
Ben Osborn,Sheffield United,Midfielder,26,34,176.0,75.0,1,0,891,11,19,1,0,18,0.3235294117647059,0.029411764705882353,0.5294117647058824,26.205882352941178,Low,Low,0.029411764705882353
Sander Berge,Sheffield United,Midfielder,23,29,195.0,96.0,2,2,804,6,19,4,0,32,0.20689655172413793,0.13793103448275862,1.103448275862069,27.724137931034484,High,High,0.06896551724137931
Jack Rodwell,Sheffield United,Midfielder,30,167,188.0,80.0,10,4,3881,50,64,26,1,135,0.2994011976047904,0.15568862275449102,0.8083832335329342,23.239520958083833,High,Medium,0.059880239520958084
Oliver Burke,Sheffield United,Midfielder,24,40,188.0,74.0,1,3,392,5,31,2,0,25,0.125,0.05,0.625,9.8,Low,Medium,0.025
Iliman Ndiaye,Sheffield United,Midfielder,21,1,180.0,74.0,0,0,3,0,1,0,0,0,0.0,0.0,0.0,3.0,Low,Low,0.0
Zak Brunt,Sheffield United,Midfielder,19,0,179.58823529411762,69.38461538461539,0,0,0,0,0,0,0,0,,,,,,,
Frankie Maguire,Sheffield United,Midfielder,17,0,183.0,72.5,0,0,0,0,0,0,0,0,,,,,,,
Oliver McBurnie,Sheffield United,Forward,24,75,188.0,79.0,7,1,1189,19,43,6,0,57,0.25333333333333335,0.08,0.76,15.853333333333333,Medium,Medium,0.09333333333333334
Billy Sharp,Sheffield United,Forward,35,43,175.0,70.0,6,2,328,10,24,2,1,34,0.23255813953488372,0.046511627906976744,0.7906976744186046,7.627906976744186,Low,Medium,0.13953488372093023
David McGoldrick,Sheffield United,Forward,33,60,183.0,74.0,9,3,1375,15,33,9,0,70,0.25,0.15,1.1666666666666667,22.916666666666668,High,High,0.15
Lys Mousset,Sheffield United,Forward,25,99,184.0,80.0,9,4,629,31,49,3,0,55,0.31313131313131315,0.030303030303030304,0.5555555555555556,6.353535353535354,Low,Low,0.09090909090909091
Rhian Brewster,Sheffield United,Forward,21,25,180.0,75.0,0,0,195,4,19,1,0,18,0.16,0.04,0.72,7.8,Low,Medium,0.0
Antwoine Hackford,Sheffield United,Forward,17,1,183.0,72.5,0,0,1,0,1,0,0,0,0.0,0.0,0.0,1.0,Low,Low,0.0
Daniel Jebbison,Sheffield United,Forward,17,1,190.0,72.5,0,0,3,0,1,0,0,1,0.0,0.0,1.0,3.0,Low,High,0.0
Alex McCarthy,Southampton,Goalkeeper,31,122,193.0,79.0,0,0,3144,34,54,5,0,1,0.2786885245901639,0.040983606557377046,0.00819672131147541,25.770491803278688,Low,Low,0.0
Fraser Forster,Southampton,Goalkeeper,33,115,201.0,93.0,0,0,2758,48,42,4,0,1,0.41739130434782606,0.034782608695652174,0.008695652173913044,23.982608695652175,Low,Low,0.0
Harry Lewis,Southampton,Goalkeeper,23,0,191.0,77.0,0,0,0,0,0,0,0,0,,,,,,,
Jannik Vestergaard,Southampton,Defender,28,70,199.0,96.0,4,0,3310,25,31,8,1,45,0.35714285714285715,0.11428571428571428,0.6428571428571429,47.285714285714285,Medium,Medium,0.05714285714285714
Jack Stephens,Southampton,Defender,27,108,185.0,75.0,4,4,4672,30,47,17,2,61,0.2777777777777778,0.1574074074074074,0.5648148148148148,43.25925925925926,High,Low,0.037037037037037035
Ryan Bertrand,Southampton,Defender,31,258,179.0,85.0,7,16,9868,92,107,35,2,238,0.35658914728682173,0.13565891472868216,0.9224806201550387,38.248062015503876,High,High,0.027131782945736434
Jan Bednarek,Lech Poznan,Defender,25,99,189.0,77.0,3,3,4536,33,44,16,1,86,0.3333333333333333,0.16161616161616163,0.8686868686868687,45.81818181818182,High,Medium,0.030303030303030304
Kyle Walker-Peters,Southampton,Defender,24,50,173.0,62.0,0,7,2069,25,14,6,0,41,0.5,0.12,0.82,41.38,Medium,Medium,0.0
Mohammed Salisu,Southampton,Defender,22,10,191.0,82.0,0,0,282,3,5,0,0,8,0.3,0.0,0.8,28.2,Low,Medium,0.0
Allan Tchaptchet,Southampton,Defender,19,1,179.58823529411762,69.38461538461539,0,0,1,0,1,0,0,0,0.0,0.0,0.0,1.0,Low,Low,0.0
Kayne Ramsay,Southampton,Defender,20,2,178.55,71.85714285714286,0,0,33,0,2,1,0,1,0.0,0.5,0.5,16.5,High,Low,0.0
Moussa Djenepo,Southampton,Midfielder,22,44,177.0,65.0,3,2,607,14,23,9,1,52,0.3181818181818182,0.20454545454545456,1.1818181818181819,13.795454545454545,High,High,0.06818181818181818
Oriol Romeu,Southampton,Midfielder,29,201,183.0,83.0,5,1,9033,73,73,54,0,280,0.36318407960199006,0.26865671641791045,1.3930348258706469,44.940298507462686,High,High,0.024875621890547265
James Ward-Prowse,Southampton,Midfielder,26,267,173.0,66.0,30,29,9146,92,104,33,1,234,0.3445692883895131,0.12359550561797752,0.8764044943820225,34.254681647940075,Medium,High,0.11235955056179775
Stuart Armstrong,Southampton,Midfielder,29,90,183.0,75.0,12,10,2332,31,39,9,0,77,0.34444444444444444,0.1,0.8555555555555555,25.91111111111111,Medium,Medium,0.13333333333333333
Nathan Redmond,Southampton,Midfielder,27,234,173.0,69.0,27,21,6404,62,112,13,1,182,0.26495726495726496,0.05555555555555555,0.7777777777777778,27.367521367521366,Low,Medium,0.11538461538461539
William Smallbone,Southampton,Midfielder,21,12,179.64,74.0,0,2,279,5,4,0,0,5,0.4166666666666667,0.0,0.4166666666666667,23.25,Low,Low,0.0
Ibrahima Diallo,Southampton,Midfielder,22,20,179.0,68.0,0,0,511,7,9,2,0,18,0.35,0.1,0.9,25.55,Medium,High,0.0
Kgaogelo Chauke,Southampton,Midfielder,18,0,184.0,74.0,0,0,0,0,0,0,0,0,,,,,,,
Caleb Watts,Southampton,Midfielder,19,3,175.0,69.38461538461539,0,0,12,0,3,1,0,0,0.0,0.3333333333333333,0.0,4.0,High,Low,0.0
Ryan Finnigan,Southampton,Midfielder,17,0,183.0,72.5,0,0,0,0,0,0,0,0,,,,,,,
Alexandre Jankewitz,Southampton,Midfielder,19,2,179.0,75.0,0,0,3,0,2,0,1,1,0.0,0.0,0.5,1.5,Low,Low,0.0
Nathan Tella,Southampton,Midfielder,21,17,179.64,74.0,1,1,109,5,9,2,0,16,0.29411764705882354,0.11764705882352941,0.9411764705882353,6.411764705882353,Medium,High,0.058823529411764705
Will Ferry,Southampton,Midfielder,20,0,176.0,68.0,0,0,0,0,0,0,0,0,,,,,,,
Danny Ings,Southampton,Forward,28,138,178.0,73.0,55,13,2376,43,57,12,0,107,0.3115942028985507,0.08695652173913043,0.7753623188405797,17.217391304347824,Medium,Medium,0.39855072463768115
Che Adams,Southampton,Forward,24,65,175.0,70.0,13,7,849,24,29,1,0,46,0.36923076923076925,0.015384615384615385,0.7076923076923077,13.061538461538461,Low,Medium,0.2
Michael Obafemi,Southampton,Forward,20,31,169.0,71.0,4,3,166,12,13,2,0,14,0.3870967741935484,0.06451612903225806,0.45161290322580644,5.354838709677419,Medium,Low,0.12903225806451613
Theo Walcott,Southampton,Forward,32,367,176.0,68.0,78,54,5873,184,101,10,0,114,0.5013623978201635,0.027247956403269755,0.3106267029972752,16.002724795640326,Low,Low,0.2125340599455041
Takumi Minamino,Southampton,Forward,26,28,174.0,68.0,3,0,473,14,9,1,0,18,0.5,0.03571428571428571,0.6428571428571429,16.892857142857142,Low,Medium,0.10714285714285714
Daniel N'Lundulu,Southampton,Forward,22,13,181.047619047619,73.45,0,0,29,3,7,0,0,6,0.23076923076923078,0.0,0.46153846153846156,2.230769230769231,Low,Low,0.0
Hugo Lloris,Tottenham Hotspur,Goalkeeper,34,295,188.0,82.0,0,0,7480,168,66,3,0,3,0.5694915254237288,0.010169491525423728,0.010169491525423728,25.35593220338983,Low,Low,0.0
Joe Hart,Tottenham Hotspur,Goalkeeper,34,340,196.0,91.0,0,1,6733,169,97,7,0,6,0.4970588235294118,0.020588235294117647,0.01764705882352941,19.80294117647059,Low,Low,0.0
Alfie Whiteman,Tottenham Hotspur,Goalkeeper,22,0,189.0,84.0,0,0,0,0,0,0,0,0,,,,,,,
Toby Alderweireld,Tottenham Hotspur,Defender,32,197,187.0,90.0,9,4,11201,110,48,22,0,82,0.5583756345177665,0.1116751269035533,0.41624365482233505,56.857868020304565,Medium,Low,0.04568527918781726
Davinson SÃ¡nchez,Tottenham Hotspur,Defender,24,100,187.0,81.0,1,1,5815,53,25,10,1,93,0.53,0.1,0.93,58.15,Medium,High,0.01
Serge Aurier,Tottenham Hotspur,Defender,24,77,182.95555555555558,75.79545454545455,5,12,3118,40,19,4,2,102,0.5194805194805194,0.05194805194805195,1.3246753246753247,40.493506493506494,Low,High,0.06493506493506493
Ben Davies,Tottenham Hotspur,Defender,28,219,181.0,76.0,6,16,9145,105,64,27,0,176,0.4794520547945205,0.1232876712328767,0.8036529680365296,41.757990867579906,Medium,Medium,0.0273972602739726
Japhet Tanganga,Tottenham Hotspur,Defender,22,10,184.0,76.0,0,0,322,2,5,2,0,13,0.2,0.2,1.3,32.2,High,High,0.0
Matt Doherty,Tottenham Hotspur,Defender,29,90,182.0,80.0,8,10,3501,40,25,8,1,77,0.4444444444444444,0.08888888888888889,0.8555555555555555,38.9,Medium,Medium,0.08888888888888889
Sergio ReguilÃ³n,Tottenham Hotspur,Defender,24,24,178.0,68.0,0,3,1054,11,6,5,0,23,0.4583333333333333,0.20833333333333334,0.9583333333333334,43.916666666666664,High,High,0.0
Joe Rodon,Tottenham Hotspur,Defender,23,11,180.0,70.0,0,0,429,5,3,0,0,2,0.45454545454545453,0.0,0.18181818181818182,39.0,Low,Low,0.0
Dennis Cirkin,Tottenham Hotspur,Defender,19,0,181.0,78.0,0,0,0,0,0,0,0,0,,,,,,,
Marcel Lavinier,Tottenham Hotspur,Defender,20,0,180.0,71.85714285714286,0,0,0,0,0,0,0,0,,,,,,,
Harry Winks,Tottenham Hotspur,Midfielder,25,106,178.0,65.0,2,2,4630,62,25,18,0,64,0.5849056603773585,0.16981132075471697,0.6037735849056604,43.679245283018865,High,Medium,0.018867924528301886
Erik Lamela,Tottenham Hotspur,Midfielder,29,177,181.0,79.0,17,23,4350,90,44,30,1,235,0.5084745762711864,0.1694915254237288,1.3276836158192091,24.576271186440678,High,High,0.096045197740113
Eric Dier,Tottenham Hotspur,Midfielder,27,200,188.0,88.0,10,8,11169,112,44,36,0,178,0.56,0.18,0.89,55.845,High,High,0.05
Moussa Sissoko,Tottenham Hotspur,Midfielder,31,258,187.0,83.0,14,24,9194,120,90,39,2,296,0.46511627906976744,0.1511627906976744,1.1472868217054264,35.63565891472868,High,High,0.05426356589147287
Dele Alli,Tottenham Hotspur,Midfielder,25,168,188.0,76.0,50,34,5712,94,39,24,0,184,0.5595238095238095,0.14285714285714285,1.0952380952380953,34.0,High,High,0.2976190476190476
Tanguy Ndombele,Tottenham Hotspur,Midfielder,24,52,181.0,76.0,5,4,1786,18,19,6,0,40,0.34615384615384615,0.11538461538461539,0.7692307692307693,34.34615384615385,Medium,Medium,0.09615384615384616
Pierre-Emile HÃ¸jbjerg,Tottenham Hotspur,Midfielder,25,144,185.0,84.0,5,7,8254,49,59,28,2,209,0.3402777777777778,0.19444444444444445,1.4513888888888888,57.31944444444444,High,High,0.034722222222222224
Alfie Devine,Tottenham Hotspur,Midfielder,16,0,179.0,75.0,0,0,0,0,0,0,0,0,,,,,,,
Giovani Lo Celso,Tottenham Hotspur,Midfielder,25,45,177.0,68.0,1,3,1477,19,12,11,0,47,0.4222222222222222,0.24444444444444444,1.0444444444444445,32.82222222222222,High,High,0.022222222222222223
Jamie Bowden,Tottenham Hotspur,Midfielder,19,0,179.58823529411762,69.38461538461539,0,0,0,0,0,0,0,0,,,,,,,
Nile John,Tottenham Hotspur,Midfielder,18,0,184.0,74.0,0,0,0,0,0,0,0,0,,,,,,,
Lucas Moura,Tottenham Hotspur,Forward,28,102,172.0,72.0,17,9,2165,51,35,7,0,82,0.5,0.06862745098039216,0.803921568627451,21.225490196078432,Medium,Medium,0.16666666666666666
Son Heung-Min,Tottenham Hotspur,Forward,28,194,183.0,78.0,70,39,4628,109,46,4,2,77,0.5618556701030928,0.020618556701030927,0.39690721649484534,23.855670103092784,Low,Low,0.36082474226804123
Harry Kane,Tottenham Hotspur,Forward,27,242,188.0,86.0,164,33,5225,134,56,27,0,233,0.5537190082644629,0.1115702479338843,0.9628099173553719,21.59090909090909,Medium,High,0.6776859504132231
Steven Bergwijn,Tottenham Hotspur,Forward,23,33,178.0,78.0,3,4,618,16,8,4,0,26,0.48484848484848486,0.12121212121212122,0.7878787878787878,18.727272727272727,Medium,Medium,0.09090909090909091
Gareth Bale,Tottenham Hotspur,Forward,31,163,185.0,81.0,51,22,4972,69,49,16,1,94,0.4233128834355828,0.09815950920245399,0.5766871165644172,30.503067484662576,Medium,Medium,0.3128834355828221
Carlos VinÃ­cius,Tottenham Hotspur,Forward,26,9,190.0,86.0,1,0,46,5,2,2,0,11,0.5555555555555556,0.2222222222222222,1.2222222222222223,5.111111111111111,High,High,0.1111111111111111
Dane Scarlett,Tottenham Hotspur,Forward,17,1,180.0,76.0,0,0,0,1,0,0,0,0,1.0,0.0,0.0,0.0,Low,Low,0.0
Dilan Markanday,Tottenham Hotspur,Forward,19,0,179.58823529411762,69.38461538461539,0,0,0,0,0,0,0,0,,,,,,,
Sam Johnstone,West Bromwich Albion,Goalkeeper,28,34,193.0,85.0,0,1,1012,4,19,0,0,0,0.11764705882352941,0.0,0.0,29.764705882352942,Low,Low,0.0
David Button,West Bromwich Albion,Goalkeeper,32,5,191.0,87.0,0,0,135,2,2,0,0,0,0.4,0.0,0.0,27.0,Low,Low,0.0
Andy Lonergan,West Bromwich Albion,Goalkeeper,37,0,192.0,87.0,0,0,0,0,0,0,0,0,,,,,,,
Darnell Furlong,West Bromwich Albion,Defender,25,35,183.0,76.0,1,3,832,5,19,6,0,32,0.14285714285714285,0.17142857142857143,0.9142857142857143,23.771428571428572,High,High,0.02857142857142857
Kieran Gibbs,West Bromwich Albion,Defender,31,180,181.0,73.0,2,9,6208,89,44,18,2,116,0.49444444444444446,0.1,0.6444444444444445,34.48888888888889,Medium,Medium,0.011111111111111112
Kyle Bartley,West Bromwich Albion,Defender,29,48,185.0,70.0,3,1,1479,11,24,10,0,50,0.22916666666666666,0.20833333333333334,1.0416666666666667,30.8125,High,High,0.0625
Semi Ajayi,West Bromwich Albion,Defender,27,30,193.0,83.0,2,0,888,4,17,3,1,28,0.13333333333333333,0.1,0.9333333333333333,29.6,Medium,High,0.06666666666666667
Conor Townsend,West Bromwich Albion,Defender,28,22,168.0,62.0,0,2,828,4,10,0,0,15,0.18181818181818182,0.0,0.6818181818181818,37.63636363636363,Low,Medium,0.0
Dara O'Shea,West Bromwich Albion,Defender,22,27,188.0,73.45,0,0,786,4,15,3,0,13,0.14814814814814814,0.1111111111111111,0.48148148148148145,29.11111111111111,Medium,Low,0.0
Lee Peltier,West Bromwich Albion,Defender,34,24,178.0,73.0,0,0,407,7,14,5,0,19,0.2916666666666667,0.20833333333333334,0.7916666666666666,16.958333333333332,High,Medium,0.0
Branislav Ivanovic,West Bromwich Albion,Defender,37,274,185.0,80.0,22,20,10188,155,57,57,2,304,0.5656934306569343,0.20802919708029197,1.1094890510948905,37.18248175182482,High,High,0.08029197080291971
George Harmon,West Bromwich Albion,Defender,20,0,178.55,71.85714285714286,0,0,0,0,0,0,0,0,,,,,,,
Caleb Taylor,West Bromwich Albion,Defender,20,0,178.55,71.85714285714286,0,0,0,0,0,0,0,0,,,,,,,
Caleb Taylor,West Bromwich Albion,Defender,20,0,178.55,71.85714285714286,0,0,0,0,0,0,0,0,,,,,,,
Jake Livermore,West Bromwich Albion,Midfielder,31,195,181.0,91.0,7,9,7135,54,94,32,2,223,0.27692307692307694,0.1641025641025641,1.1435897435897435,36.58974358974359,High,High,0.035897435897435895
Matt Phillips,West Bromwich Albion,Midfielder,30,139,185.0,75.0,12,23,2238,32,69,7,0,81,0.2302158273381295,0.050359712230215826,0.5827338129496403,16.100719424460433,Low,Medium,0.08633093525179857
Kamil Grosicki,West Bromwich Albion,Midfielder,32,18,180.0,78.0,0,5,291,5,9,1,0,13,0.2777777777777778,0.05555555555555555,0.7222222222222222,16.166666666666668,Low,Medium,0.0
Romaine Sawyers,West Bromwich Albion,Midfielder,32,19,184.25,78.15,0,0,720,2,13,2,0,18,0.10526315789473684,0.10526315789473684,0.9473684210526315,37.89473684210526,Medium,High,0.0
Kyle Edwards,West Bromwich Albion,Midfielder,23,5,172.0,64.0,0,0,34,0,4,0,0,1,0.0,0.0,0.2,6.8,Low,Low,0.0
Grady Diangana,West Bromwich Albion,Midfielder,23,34,180.0,73.0,1,1,543,8,19,0,0,15,0.23529411764705882,0.0,0.4411764705882353,15.970588235294118,Low,Low,0.029411764705882353
Conor Gallagher,West Bromwich Albion,Midfielder,21,27,182.0,74.0,2,2,811,3,14,10,0,38,0.1111111111111111,0.37037037037037035,1.4074074074074074,30.037037037037038,High,High,0.07407407407407407
Robert Snodgrass,West Bromwich Albion,Midfielder,33,171,182.0,82.0,26,23,4851,45,83,32,0,207,0.2631578947368421,0.1871345029239766,1.2105263157894737,28.36842105263158,High,High,0.15204678362573099
Okay Yokuslu,West Bromwich Albion,Midfielder,27,13,190.0,79.0,0,1,442,3,5,3,0,21,0.23076923076923078,0.23076923076923078,1.6153846153846154,34.0,High,High,0.0
Ainsley Maitland-Niles,West Bromwich Albion,Midfielder,23,76,177.0,71.0,1,3,2422,33,23,8,2,49,0.4342105263157895,0.10526315789473684,0.6447368421052632,31.86842105263158,Medium,Medium,0.013157894736842105
Rico Richards,West Bromwich Albion,Midfielder,17,0,183.0,72.5,0,0,0,0,0,0,0,0,,,,,,,
Hal Robson-Kanu,West Bromwich Albion,Forward,31,91,183.0,83.0,12,3,723,20,48,7,1,88,0.21978021978021978,0.07692307692307693,0.967032967032967,7.945054945054945,Medium,High,0.13186813186813187
Matheus Pereira,West Bromwich Albion,Forward,25,31,175.0,69.0,10,5,882,5,16,2,1,30,0.16129032258064516,0.06451612903225806,0.967741935483871,28.451612903225808,Medium,High,0.3225806451612903
Callum Robinson,West Bromwich Albion,Forward,26,47,178.0,75.0,6,1,528,7,24,1,0,14,0.14893617021276595,0.02127659574468085,0.2978723404255319,11.23404255319149,Low,Low,0.1276595744680851
Karlan Grant,West Bromwich Albion,Forward,23,31,180.0,70.0,5,0,422,2,21,1,0,17,0.06451612903225806,0.03225806451612903,0.5483870967741935,13.612903225806452,Low,Low,0.16129032258064516
Cheikh Diaby,West Bromwich Albion,Forward,21,0,179.64,74.0,0,0,0,0,0,0,0,0,,,,,,,
Mbaye Diagne,West Bromwich Albion,Forward,29,15,191.0,86.0,3,2,235,3,6,2,0,17,0.2,0.13333333333333333,1.1333333333333333,15.666666666666666,High,High,0.2
Taylor Gardner-Hickman,West Bromwich Albion,Forward,29,0,182.97777777777782,77.17777777777778,0,0,0,0,0,0,0,0,,,,,,,
Taylor Gardner-Hickman,West Bromwich Albion,Forward,29,0,182.97777777777782,77.17777777777778,0,0,0,0,0,0,0,0,,,,,,,
Lukasz Fabianski,West Ham United,Goalkeeper,36,278,190.0,83.0,0,2,7099,107,112,6,1,7,0.38489208633093525,0.02158273381294964,0.025179856115107913,25.535971223021583,Low,Low,0.0
David Martin,West Ham United,Goalkeeper,35,5,185.0,85.0,0,0,111,2,3,1,0,0,0.4,0.2,0.0,22.2,High,Low,0.0
Darren Randolph,West Ham United,Goalkeeper,34,33,188.0,98.0,0,0,878,11,15,1,0,0,0.3333333333333333,0.030303030303030304,0.0,26.606060606060606,Low,Low,0.0
Nathan Trott,West Ham United,Goalkeeper,22,0,184.0,70.0,0,0,0,0,0,0,0,0,,,,,,,
Aaron Cresswell,West Ham United,Defender,31,222,170.0,66.0,8,25,8412,78,82,26,1,101,0.35135135135135137,0.11711711711711711,0.45495495495495497,37.891891891891895,Medium,Low,0.036036036036036036
FabiÃ¡n Balbuena,West Ham United,Defender,29,54,188.0,82.0,3,0,1817,22,23,5,1,37,0.4074074074074074,0.09259259259259259,0.6851851851851852,33.648148148148145,Medium,Medium,0.05555555555555555
Angelo Ogbonna,West Ham United,Defender,32,161,191.0,86.0,6,1,5508,58,59,20,0,113,0.36024844720496896,0.12422360248447205,0.7018633540372671,34.2111801242236,Medium,Medium,0.037267080745341616
Issa Diop,West Ham United,Defender,24,81,194.0,92.0,6,1,2689,30,34,15,0,57,0.37037037037037035,0.18518518518518517,0.7037037037037037,33.19753086419753,High,Medium,0.07407407407407407
Ryan Fredericks,West Ham United,Defender,28,56,181.0,74.0,2,4,1518,17,27,14,0,45,0.30357142857142855,0.25,0.8035714285714286,27.107142857142858,High,Medium,0.03571428571428571
Arthur Masuaku,West Ham United,Defender,28,92,182.61538461538458,77.02564102564101,0,8,3010,33,35,14,1,82,0.358695652173913,0.15217391304347827,0.8913043478260869,32.71739130434783,High,High,0.0
Ben Johnson,West Ham United,Defender,21,18,175.0,67.0,1,0,319,9,6,1,0,14,0.5,0.05555555555555555,0.7777777777777778,17.72222222222222,Low,Medium,0.05555555555555555
Harrison Ashby,West Ham United,Defender,19,0,179.58823529411762,69.38461538461539,0,0,0,0,0,0,0,0,,,,,,,
Vladimir Coufal,West Ham United,Defender,19,32,179.58823529411762,69.38461538461539,0,6,1229,16,9,3,0,29,0.5,0.09375,0.90625,38.40625,Medium,High,0.0
Craig Dawson,West Ham United,Defender,31,202,188.0,82.0,17,2,6169,58,89,34,1,197,0.2871287128712871,0.16831683168316833,0.9752475247524752,30.53960396039604,High,High,0.08415841584158416
Frederik Alves,West Ham United,Defender,21,0,189.0,84.0,0,0,0,0,0,0,0,0,,,,,,,
Jamal Baptiste,West Ham United,Defender,17,0,183.0,72.5,0,0,0,0,0,0,0,0,,,,,,,
Manuel Lanzini,West Ham United,Midfielder,28,139,167.0,59.0,21,14,5466,46,55,20,0,57,0.33093525179856115,0.14388489208633093,0.41007194244604317,39.32374100719424,High,Low,0.1510791366906475
Mark Noble,West Ham United,Midfielder,34,402,180.0,70.0,46,35,18248,141,163,82,5,387,0.35074626865671643,0.20398009950248755,0.9626865671641791,45.39303482587065,High,High,0.11442786069651742
Pablo Fornals,West Ham United,Midfielder,25,67,178.0,67.0,5,8,1832,26,27,6,0,40,0.3880597014925373,0.08955223880597014,0.5970149253731343,27.34328358208955,Medium,Medium,0.07462686567164178
Declan Rice,West Ham United,Midfielder,22,129,185.0,76.0,4,4,5277,47,50,13,0,83,0.3643410852713178,0.10077519379844961,0.6434108527131783,40.906976744186046,Medium,Medium,0.031007751937984496
Conor Coventry,West Ham United,Midfielder,21,0,177.0,74.0,0,0,0,0,0,0,0,0,,,,,,,
Tomas Soucek,West Ham United,Midfielder,21,49,179.64,74.0,12,1,1913,20,17,7,1,76,0.40816326530612246,0.14285714285714285,1.5510204081632653,39.04081632653061,High,High,0.24489795918367346
Nathan Holland,West Ham United,Midfielder,22,2,178.0,70.0,0,0,11,0,2,0,0,0,0.0,0.0,0.0,5.5,Low,Low,0.0
Jesse Lingard,West Ham United,Midfielder,28,147,175.0,62.0,27,13,4111,75,35,18,0,160,0.5102040816326531,0.12244897959183673,1.08843537414966,27.965986394557824,Medium,High,0.1836734693877551
Michail Antonio,West Ham United,Forward,31,157,180.0,82.0,45,19,3082,58,60,17,1,176,0.36942675159235666,0.10828025477707007,1.1210191082802548,19.630573248407643,Medium,High,0.28662420382165604
Andriy Yarmolenko,West Ham United,Forward,31,47,189.0,81.0,7,2,741,14,19,7,0,32,0.2978723404255319,0.14893617021276595,0.6808510638297872,15.76595744680851,High,Medium,0.14893617021276595
Jarrod Bowen,West Ham United,Forward,24,56,175.0,70.0,9,9,890,21,24,0,0,21,0.375,0.0,0.375,15.892857142857142,Low,Low,0.16071428571428573
Emmanuel Longelo,West Ham United,Forward,20,0,178.55,71.85714285714286,0,0,0,0,0,0,0,0,,,,,,,
Ademipo Odubeko,West Ham United,Forward,18,0,184.0,74.0,0,0,0,0,0,0,0,0,,,,,,,
SaÃ¯d Benrahma,West Ham United,Forward,25,28,172.0,67.0,1,5,457,14,9,0,0,14,0.5,0.0,0.5,16.321428571428573,Low,Low,0.03571428571428571
Rui PatrÃ­cio,Wolverhampton Wanderers,Goalkeeper,33,110,190.0,84.0,0,0,2130,42,36,1,0,0,0.38181818181818183,0.00909090909090909,0.0,19.363636363636363,Low,Low,0.0
John Ruddy,Wolverhampton Wanderers,Goalkeeper,34,120,193.0,97.0,0,0,2583,33,55,3,1,1,0.275,0.025,0.008333333333333333,21.525,Low,Low,0.0
Andreas SÃ¶ndergaard,Wolverhampton Wanderers,Goalkeeper,20,0,189.0,71.85714285714286,0,0,0,0,0,0,0,0,,,,,,,
Willy Boly,Wolverhampton Wanderers,Defender,20,77,178.55,71.85714285714286,5,2,3620,31,25,4,2,67,0.4025974025974026,0.05194805194805195,0.8701298701298701,47.01298701298701,Low,High,0.06493506493506493
Conor Coady,Wolverhampton Wanderers,Defender,28,111,185.0,73.0,1,0,5209,44,36,15,0,47,0.3963963963963964,0.13513513513513514,0.42342342342342343,46.927927927927925,High,Low,0.009009009009009009
Jonny,Wolverhampton Wanderers,Defender,27,75,175.0,70.0,3,3,2344,29,21,10,0,64,0.38666666666666666,0.13333333333333333,0.8533333333333334,31.253333333333334,High,Medium,0.04
Maximilian Kilman,Wolverhampton Wanderers,Defender,23,21,182.63888888888889,73.67647058823529,0,1,785,9,5,4,0,21,0.42857142857142855,0.19047619047619047,1.0,37.38095238095238,High,High,0.0
MarÃ§al,Wolverhampton Wanderers,Defender,32,12,178.0,74.0,0,0,293,6,4,2,0,10,0.5,0.16666666666666666,0.8333333333333334,24.416666666666668,High,Medium,0.0
Ki-Jana Hoever,Wolverhampton Wanderers,Defender,19,11,180.0,65.0,0,0,252,2,6,1,0,4,0.18181818181818182,0.09090909090909091,0.36363636363636365,22.90909090909091,Medium,Low,0.0
NÃ©lson Semedo,Wolverhampton Wanderers,Defender,27,31,177.0,67.0,0,1,1432,10,12,4,0,37,0.3225806451612903,0.12903225806451613,1.1935483870967742,46.193548387096776,Medium,High,0.0
Rayan AÃ¯t-Nouri,Wolverhampton Wanderers,Defender,19,19,179.0,70.0,1,1,540,5,8,0,0,11,0.2631578947368421,0.0,0.5789473684210527,28.42105263157895,Low,Medium,0.05263157894736842
Nigel Lonwijk,Wolverhampton Wanderers,Defender,18,0,188.0,74.0,0,0,0,0,0,0,0,0,,,,,,,
Hugo Bueno,Wolverhampton Wanderers,Defender,18,0,180.0,74.0,0,0,0,0,0,0,0,0,,,,,,,
Hugo Bueno,Wolverhampton Wanderers,Defender,18,0,180.0,73.0,0,0,0,0,0,0,0,0,,,,,,,
Lewis Richards,Wolverhampton Wanderers,Defender,19,0,179.58823529411762,69.38461538461539,0,0,0,0,0,0,0,0,,,,,,,
Christian Marques,Wolverhampton Wanderers,Defender,18,0,187.0,74.0,0,0,0,0,0,0,0,0,,,,,,,
RÃºben Neves,Wolverhampton Wanderers,Midfielder,24,106,180.0,72.0,11,6,5770,40,35,24,0,107,0.37735849056603776,0.22641509433962265,1.009433962264151,54.43396226415094,High,High,0.10377358490566038
Daniel Podence,Wolverhampton Wanderers,Midfielder,25,33,165.0,58.0,4,2,696,14,10,3,0,19,0.42424242424242425,0.09090909090909091,0.5757575757575758,21.09090909090909,Medium,Medium,0.12121212121212122
Romain SaÃ¯ss,Wolverhampton Wanderers,Midfielder,31,77,190.0,80.0,7,1,3668,31,26,19,1,94,0.4025974025974026,0.24675324675324675,1.2207792207792207,47.63636363636363,High,High,0.09090909090909091
JoÃ£o Moutinho,Wolverhampton Wanderers,Midfielder,34,106,170.0,61.0,3,15,5253,42,33,14,1,133,0.39622641509433965,0.1320754716981132,1.2547169811320755,49.556603773584904,Medium,High,0.02830188679245283
Leander Dendoncker,Wolverhampton Wanderers,Midfielder,26,87,188.0,76.0,7,0,3057,37,25,9,0,72,0.42528735632183906,0.10344827586206896,0.8275862068965517,35.13793103448276,Medium,Medium,0.08045977011494253
Vitinha,Wolverhampton Wanderers,Midfielder,21,17,172.0,64.0,0,1,307,5,8,0,0,8,0.29411764705882354,0.0,0.47058823529411764,18.058823529411764,Low,Low,0.0
Morgan Gibbs-White,Wolverhampton Wanderers,Midfielder,21,41,171.0,74.0,1,1,537,15,17,1,0,12,0.36585365853658536,0.024390243902439025,0.2926829268292683,13.097560975609756,Low,Low,0.024390243902439025
Taylor Perry,Wolverhampton Wanderers,Midfielder,19,0,179.58823529411762,69.38461538461539,0,0,0,0,0,0,0,0,,,,,,,
Owen Otasowie,Wolverhampton Wanderers,Midfielder,20,6,183.0,82.0,0,1,59,1,2,1,0,3,0.16666666666666666,0.16666666666666666,0.5,9.833333333333334,High,Low,0.0
Luke Cundle,Wolverhampton Wanderers,Midfielder,19,0,179.58823529411762,69.38461538461539,0,0,0,0,0,0,0,0,,,,,,,
Pedro Neto,Wolverhampton Wanderers,Forward,21,60,172.0,69.0,8,9,1368,23,19,7,0,38,0.38333333333333336,0.11666666666666667,0.6333333333333333,22.8,Medium,Medium,0.13333333333333333
RaÃºl JimÃ©nez,Wolverhampton Wanderers,Forward,30,86,190.0,76.0,34,13,2309,36,25,7,0,90,0.4186046511627907,0.08139534883720931,1.0465116279069768,26.848837209302324,Medium,High,0.3953488372093023
Adama TraorÃ©,Wolverhampton Wanderers,Forward,25,137,178.0,72.0,7,14,2037,38,59,8,0,123,0.2773722627737226,0.058394160583941604,0.8978102189781022,14.86861313868613,Medium,High,0.051094890510948905
FÃ¡bio Silva,Wolverhampton Wanderers,Forward,18,29,185.0,75.0,4,2,258,9,14,2,0,18,0.3103448275862069,0.06896551724137931,0.6206896551724138,8.89655172413793,Medium,Medium,0.13793103448275862
Theo Corbeanu,Wolverhampton Wanderers,Forward,18,0,184.0,74.0,0,0,0,0,0,0,0,0,,,,,,,
Willian JosÃ©,Wolverhampton Wanderers,Forward,29,14,189.0,93.0,1,0,268,6,4,0,0,8,0.42857142857142855,0.0,0.5714285714285714,19.142857142857142,Low,Low,0.07142857142857142
Leonardo Campana,Wolverhampton Wanderers,Forward,20,0,187.0,79.0,0,0,0,0,0,0,0,0,,,,,,,
